wnid,mean_drift,spillover_rate,n_par,model
n01440764,0.3809417188167572,0.25,40,resnet50
n01443537,0.41314640641212463,0.25,40,resnet50
n01484850,0.34330421686172485,0.475,40,resnet50
n01491361,0.29861587285995483,0.425,40,resnet50
n01494475,0.3207224905490875,0.075,40,resnet50
n01496331,0.3585365414619446,0.4,40,resnet50
n01498041,0.35447511076927185,0.175,40,resnet50
n01514668,0.3249739408493042,0.25,40,resnet50
n01514859,0.3820018768310547,0.425,40,resnet50
n01518878,0.34023210406303406,0.3,40,resnet50
n01530575,0.36765196919441223,0.225,40,resnet50
n01531178,0.30850183963775635,0.2,40,resnet50
n01532829,0.36436980962753296,0.25,40,resnet50
n01534433,0.27367907762527466,0.125,40,resnet50
n01537544,0.24513837695121765,0.15,40,resnet50
n01558993,0.273103803396225,0.125,40,resnet50
n01560419,0.2863565981388092,0.1,40,resnet50
n01580077,0.26645225286483765,0.05,40,resnet50
n01582220,0.38997402787208557,0.4,40,resnet50
n01592084,0.36336416006088257,0.225,40,resnet50
n01601694,0.35236993432044983,0.15,40,resnet50
n01608432,0.3817142844200134,0.2,40,resnet50
n01614925,0.3735431730747223,0.3,40,resnet50
n01616318,0.42016011476516724,0.35,40,resnet50
n01622779,0.403566837310791,0.325,40,resnet50
n01629819,0.31496506929397583,0.05,40,resnet50
n01630670,0.31053626537323,0.2,40,resnet50
n01631663,0.2978118360042572,0.2,40,resnet50
n01632458,0.38466542959213257,0.3,40,resnet50
n01632777,0.3898731768131256,0.3,40,resnet50
n01641577,0.420229434967041,0.375,40,resnet50
n01644373,0.3449668288230896,0.225,40,resnet50
n01644900,0.45958781242370605,0.425,40,resnet50
n01664065,0.41442251205444336,0.3,40,resnet50
n01665541,0.45632752776145935,0.55,40,resnet50
n01667114,0.4159616529941559,0.325,40,resnet50
n01667778,0.4305645823478699,0.325,40,resnet50
n01669191,0.37411606311798096,0.375,40,resnet50
n01675722,0.4426317811012268,0.425,40,resnet50
n01677366,0.35759586095809937,0.1,40,resnet50
n01682714,0.38119781017303467,0.35,40,resnet50
n01685808,0.31362301111221313,0.075,40,resnet50
n01687978,0.368191123008728,0.475,40,resnet50
n01688243,0.5012264251708984,0.45,40,resnet50
n01689811,0.4805465340614319,0.575,40,resnet50
n01692333,0.4668957591056824,0.35,40,resnet50
n01693334,0.41953936219215393,0.4,40,resnet50
n01694178,0.4096840023994446,0.175,40,resnet50
n01695060,0.45328933000564575,0.4,40,resnet50
n01697457,0.47124069929122925,0.55,40,resnet50
n01698640,0.5022401809692383,0.5,40,resnet50
n01704323,0.4745400846004486,0.325,40,resnet50
n01728572,0.41781750321388245,0.375,40,resnet50
n01728920,0.3876274526119232,0.3,40,resnet50
n01729322,0.4505159854888916,0.65,40,resnet50
n01729977,0.40960708260536194,0.525,40,resnet50
n01734418,0.4209497570991516,0.3,40,resnet50
n01735189,0.397705078125,0.3,40,resnet50
n01737021,0.4439942240715027,0.25,40,resnet50
n01739381,0.32369834184646606,0.275,40,resnet50
n01740131,0.4263964593410492,0.575,40,resnet50
n01742172,0.4189935624599457,0.6,40,resnet50
n01744401,0.46687403321266174,0.3,40,resnet50
n01748264,0.3943594694137573,0.3,40,resnet50
n01749939,0.37320390343666077,0.35,40,resnet50
n01751748,0.36577367782592773,0.275,40,resnet50
n01753488,0.4019111096858978,0.4,40,resnet50
n01755581,0.4509875774383545,0.475,40,resnet50
n01756291,0.41425782442092896,0.475,40,resnet50
n01768244,0.5181350111961365,0.525,40,resnet50
n01770081,0.41267937421798706,0.375,40,resnet50
n01770393,0.43352049589157104,0.35,40,resnet50
n01773157,0.2846249043941498,0.075,40,resnet50
n01773549,0.40490037202835083,0.425,40,resnet50
n01773797,0.3217172622680664,0.525,40,resnet50
n01774384,0.32500380277633667,0.175,40,resnet50
n01774750,0.3930462896823883,0.275,40,resnet50
n01775062,0.3184892535209656,0.15,40,resnet50
n01776313,0.24344110488891602,0.05,40,resnet50
n01784675,0.3854463994503021,0.4,40,resnet50
n01795545,0.3567593991756439,0.175,40,resnet50
n01796340,0.4168056547641754,0.425,40,resnet50
n01797886,0.39425575733184814,0.25,40,resnet50
n01798484,0.3931819200515747,0.225,40,resnet50
n01806143,0.37081190943717957,0.125,40,resnet50
n01806567,0.3077027201652527,0.175,40,resnet50
n01807496,0.38300591707229614,0.25,40,resnet50
n01817953,0.48734474182128906,0.425,40,resnet50
n01818515,0.3044853210449219,0.125,40,resnet50
n01819313,0.38754042983055115,0.35,40,resnet50
n01820546,0.29627031087875366,0.125,40,resnet50
n01824575,0.4127313494682312,0.375,40,resnet50
n01828970,0.2993393838405609,0.175,40,resnet50
n01829413,0.37214013934135437,0.2,40,resnet50
n01833805,0.3047247529029846,0.35,40,resnet50
n01843065,0.27010229229927063,0.125,40,resnet50
n01843383,0.29914164543151855,0.2,40,resnet50
n01847000,0.41202712059020996,0.275,40,resnet50
n01855032,0.19424478709697723,0.025,40,resnet50
n01855672,0.3354150056838989,0.175,40,resnet50
n01860187,0.31378230452537537,0.1,40,resnet50
n01871265,0.3643297255039215,0.325,40,resnet50
n01872401,0.35866427421569824,0.225,40,resnet50
n01873310,0.501134991645813,0.4,40,resnet50
n01877812,0.44670018553733826,0.275,40,resnet50
n01882714,0.4732142388820648,0.525,40,resnet50
n01883070,0.4839257299900055,0.425,40,resnet50
n01910747,0.40854835510253906,0.2,40,resnet50
n01914609,0.3754466474056244,0.125,40,resnet50
n01917289,0.3384013772010803,0.3,40,resnet50
n01924916,0.39135417342185974,0.3,40,resnet50
n01930112,0.2905096411705017,0.2,40,resnet50
n01943899,0.45386379957199097,0.475,40,resnet50
n01944390,0.4043397009372711,0.25,40,resnet50
n01945685,0.4668044149875641,0.5,40,resnet50
n01950731,0.4604460597038269,0.525,40,resnet50
n01955084,0.4376541078090668,0.3,40,resnet50
n01968897,0.37676188349723816,0.225,40,resnet50
n01978287,0.4046608507633209,0.425,40,resnet50
n01978455,0.46900519728660583,0.35,40,resnet50
n01980166,0.4138185381889343,0.375,40,resnet50
n01981276,0.3896915912628174,0.375,40,resnet50
n01983481,0.3895151615142822,0.35,40,resnet50
n01984695,0.4478374123573303,0.4,40,resnet50
n01985128,0.47684913873672485,0.4,40,resnet50
n01986214,0.45842108130455017,0.375,40,resnet50
n01990800,0.3637217581272125,0.25,40,resnet50
n02002556,0.3306494653224945,0.1,40,resnet50
n02002724,0.37497061491012573,0.2,40,resnet50
n02006656,0.2828598618507385,0.075,40,resnet50
n02007558,0.42571067810058594,0.225,40,resnet50
n02009229,0.3955964744091034,0.25,40,resnet50
n02009912,0.3112826943397522,0.125,40,resnet50
n02011460,0.35872554779052734,0.075,40,resnet50
n02012849,0.38411638140678406,0.425,40,resnet50
n02013706,0.2979351878166199,0.075,40,resnet50
n02017213,0.2515183091163635,0.075,40,resnet50
n02018207,0.3255470097064972,0.275,40,resnet50
n02018795,0.35634559392929077,0.2,40,resnet50
n02025239,0.3016739785671234,0.075,40,resnet50
n02027492,0.3721987307071686,0.3,40,resnet50
n02028035,0.31515729427337646,0.275,40,resnet50
n02033041,0.31043070554733276,0.1,40,resnet50
n02037110,0.274853378534317,0.25,40,resnet50
n02051845,0.39790207147598267,0.5,40,resnet50
n02056570,0.4293985962867737,0.425,40,resnet50
n02058221,0.38129371404647827,0.1,40,resnet50
n02066245,0.4592847228050232,0.4,40,resnet50
n02071294,0.3154890239238739,0.2,40,resnet50
n02074367,0.390167236328125,0.175,40,resnet50
n02077923,0.46036285161972046,0.5,40,resnet50
n02085620,0.28821414709091187,0.275,40,resnet50
n02085782,0.2709904909133911,0.125,40,resnet50
n02085936,0.3391985297203064,0.25,40,resnet50
n02086079,0.35361620783805847,0.175,40,resnet50
n02086240,0.34607481956481934,0.325,40,resnet50
n02086646,0.2996116280555725,0.1,40,resnet50
n02086910,0.26945653557777405,0.325,40,resnet50
n02087046,0.3158774971961975,0.25,40,resnet50
n02087394,0.32547464966773987,0.375,40,resnet50
n02088094,0.40726861357688904,0.375,40,resnet50
n02088238,0.3301156461238861,0.375,40,resnet50
n02088364,0.36284103989601135,0.575,40,resnet50
n02088466,0.36142316460609436,0.45,40,resnet50
n02088632,0.3957114815711975,0.25,40,resnet50
n02089078,0.2303270548582077,0.025,40,resnet50
n02089867,0.28172701597213745,0.4,40,resnet50
n02089973,0.23415978252887726,0.15,40,resnet50
n02090379,0.3245389461517334,0.375,40,resnet50
n02090622,0.34774190187454224,0.425,40,resnet50
n02090721,0.3376968502998352,0.3,40,resnet50
n02091032,0.3612039089202881,0.375,40,resnet50
n02091134,0.40788525342941284,0.625,40,resnet50
n02091244,0.35041365027427673,0.3,40,resnet50
n02091467,0.31161895394325256,0.275,40,resnet50
n02091635,0.32614201307296753,0.275,40,resnet50
n02091831,0.3659878671169281,0.375,40,resnet50
n02092002,0.37411218881607056,0.175,40,resnet50
n02092339,0.29914310574531555,0.125,40,resnet50
n02093256,0.3862851560115814,0.35,40,resnet50
n02093428,0.3192119896411896,0.3,40,resnet50
n02093647,0.381415456533432,0.25,40,resnet50
n02093754,0.39870384335517883,0.375,40,resnet50
n02093859,0.38704395294189453,0.575,40,resnet50
n02093991,0.2892398238182068,0.15,40,resnet50
n02094114,0.33508020639419556,0.4,40,resnet50
n02094258,0.33858805894851685,0.35,40,resnet50
n02094433,0.3311799466609955,0.275,40,resnet50
n02095314,0.34601891040802,0.15,40,resnet50
n02095570,0.39300471544265747,0.325,40,resnet50
n02095889,0.3044639229774475,0.275,40,resnet50
n02096051,0.3318174481391907,0.275,40,resnet50
n02096177,0.4097146987915039,0.45,40,resnet50
n02096294,0.2708075940608978,0.3,40,resnet50
n02096437,0.29835352301597595,0.25,40,resnet50
n02096585,0.2910382151603699,0.175,40,resnet50
n02097047,0.3223973214626312,0.35,40,resnet50
n02097130,0.34503260254859924,0.35,40,resnet50
n02097209,0.30024272203445435,0.25,40,resnet50
n02097298,0.3752831220626831,0.425,40,resnet50
n02097474,0.3303373456001282,0.35,40,resnet50
n02097658,0.3960798680782318,0.625,40,resnet50
n02098105,0.41651421785354614,0.55,40,resnet50
n02098286,0.43245452642440796,0.475,40,resnet50
n02098413,0.32743269205093384,0.275,40,resnet50
n02099267,0.37234029173851013,0.325,40,resnet50
n02099429,0.37689393758773804,0.3,40,resnet50
n02099601,0.30569738149642944,0.225,40,resnet50
n02099712,0.34121713042259216,0.275,40,resnet50
n02099849,0.44051918387413025,0.375,40,resnet50
n02100236,0.376528799533844,0.425,40,resnet50
n02100583,0.3354779779911041,0.325,40,resnet50
n02100735,0.34553155303001404,0.275,40,resnet50
n02100877,0.36700090765953064,0.3,40,resnet50
n02101006,0.40120047330856323,0.675,40,resnet50
n02101388,0.3299655020236969,0.2,40,resnet50
n02101556,0.31076598167419434,0.275,40,resnet50
n02102040,0.3443332314491272,0.425,40,resnet50
n02102177,0.3148801028728485,0.325,40,resnet50
n02102318,0.3208019733428955,0.3,40,resnet50
n02102480,0.3891338109970093,0.5,40,resnet50
n02102973,0.3611712157726288,0.325,40,resnet50
n02104029,0.28984811902046204,0.4,40,resnet50
n02104365,0.3763120770454407,0.25,40,resnet50
n02105056,0.3312130570411682,0.325,40,resnet50
n02105162,0.31514307856559753,0.175,40,resnet50
n02105251,0.30002984404563904,0.3,40,resnet50
n02105412,0.3207167685031891,0.325,40,resnet50
n02105505,0.34792080521583557,0.325,40,resnet50
n02105641,0.30275294184684753,0.2,40,resnet50
n02105855,0.27328601479530334,0.55,40,resnet50
n02106030,0.2257196009159088,0.125,40,resnet50
n02106166,0.3410801887512207,0.15,40,resnet50
n02106382,0.3218008279800415,0.125,40,resnet50
n02106550,0.2762041687965393,0.175,40,resnet50
n02106662,0.2351973056793213,0.2,40,resnet50
n02107142,0.2993721067905426,0.175,40,resnet50
n02107312,0.2821345925331116,0.25,40,resnet50
n02107574,0.3142966330051422,0.4,40,resnet50
n02107683,0.3361441493034363,0.325,40,resnet50
n02107908,0.2965990900993347,0.525,40,resnet50
n02108000,0.2384403645992279,0.225,40,resnet50
n02108089,0.35068291425704956,0.45,40,resnet50
n02108422,0.34563249349594116,0.45,40,resnet50
n02108551,0.3264274597167969,0.225,40,resnet50
n02108915,0.34168073534965515,0.25,40,resnet50
n02109047,0.3941240906715393,0.625,40,resnet50
n02109525,0.3028443455696106,0.175,40,resnet50
n02109961,0.2934332489967346,0.425,40,resnet50
n02110063,0.3156339228153229,0.3,40,resnet50
n02110185,0.3231661915779114,0.25,40,resnet50
n02110341,0.3102148771286011,0.2,40,resnet50
n02110627,0.37931007146835327,0.275,40,resnet50
n02110806,0.3022032380104065,0.125,40,resnet50
n02110958,0.39341649413108826,0.4,40,resnet50
n02111129,0.32877761125564575,0.4,40,resnet50
n02111277,0.35849276185035706,0.4,40,resnet50
n02111500,0.35309985280036926,0.325,40,resnet50
n02111889,0.3078548312187195,0.125,40,resnet50
n02112018,0.2902987599372864,0.075,40,resnet50
n02112137,0.3090892434120178,0.15,40,resnet50
n02112350,0.2594502866268158,0.2,40,resnet50
n02112706,0.33966192603111267,0.325,40,resnet50
n02113023,0.3621157705783844,0.175,40,resnet50
n02113186,0.28144440054893494,0.175,40,resnet50
n02113624,0.4115142226219177,0.4,40,resnet50
n02113712,0.3185203969478607,0.725,40,resnet50
n02113799,0.39509153366088867,0.4,40,resnet50
n02113978,0.3754664361476898,0.35,40,resnet50
n02114367,0.30028682947158813,0.275,40,resnet50
n02114548,0.33010488748550415,0.3,40,resnet50
n02114712,0.32812902331352234,0.5,40,resnet50
n02114855,0.34884321689605713,0.175,40,resnet50
n02115641,0.29289957880973816,0.15,40,resnet50
n02115913,0.3644767701625824,0.275,40,resnet50
n02116738,0.29038286209106445,0.025,40,resnet50
n02117135,0.33806949853897095,0.15,40,resnet50
n02119022,0.2720283269882202,0.075,40,resnet50
n02119789,0.3691093921661377,0.8,40,resnet50
n02120079,0.36634382605552673,0.25,40,resnet50
n02120505,0.32238006591796875,0.15,40,resnet50
n02123045,0.30399665236473083,0.075,40,resnet50
n02123159,0.3285295069217682,0.65,40,resnet50
n02123394,0.31540411710739136,0.075,40,resnet50
n02123597,0.259694904088974,0.075,40,resnet50
n02124075,0.3754076063632965,0.575,40,resnet50
n02125311,0.3536784052848816,0.25,40,resnet50
n02127052,0.2882099449634552,0.275,40,resnet50
n02128385,0.2510167062282562,0.2,40,resnet50
n02128757,0.2409994900226593,0.1,40,resnet50
n02128925,0.2715236246585846,0.525,40,resnet50
n02129165,0.38633352518081665,0.35,40,resnet50
n02129604,0.2679474353790283,0.1,40,resnet50
n02130308,0.26413431763648987,0.1,40,resnet50
n02132136,0.30141133069992065,0.15,40,resnet50
n02133161,0.4104822278022766,0.125,40,resnet50
n02134084,0.33510375022888184,0.1,40,resnet50
n02134418,0.31406962871551514,0.275,40,resnet50
n02137549,0.4308183193206787,0.4,40,resnet50
n02138441,0.3595800995826721,0.175,40,resnet50
n02165105,0.27151626348495483,0.175,40,resnet50
n02165456,0.3100762963294983,0.1,40,resnet50
n02167151,0.3144229054450989,0.3,40,resnet50
n02168699,0.40965837240219116,0.425,40,resnet50
n02169497,0.35114800930023193,0.525,40,resnet50
n02172182,0.4612588882446289,0.3,40,resnet50
n02174001,0.39579883217811584,0.375,40,resnet50
n02177972,0.3589760661125183,0.275,40,resnet50
n02190166,0.3278818428516388,0.15,40,resnet50
n02206856,0.408613920211792,0.525,40,resnet50
n02219486,0.3378817141056061,0.175,40,resnet50
n02226429,0.38279128074645996,0.575,40,resnet50
n02229544,0.4183036684989929,0.475,40,resnet50
n02231487,0.40627139806747437,0.175,40,resnet50
n02233338,0.4822114109992981,0.35,40,resnet50
n02236044,0.45261064171791077,0.425,40,resnet50
n02256656,0.4206960201263428,0.4,40,resnet50
n02259212,0.33480167388916016,0.25,40,resnet50
n02264363,0.34425607323646545,0.225,40,resnet50
n02268443,0.39659348130226135,0.525,40,resnet50
n02268853,0.27107739448547363,0.15,40,resnet50
n02276258,0.3350180685520172,0.2,40,resnet50
n02277742,0.31321296095848083,0.275,40,resnet50
n02279972,0.22923734784126282,0.075,40,resnet50
n02280649,0.31391477584838867,0.15,40,resnet50
n02281406,0.23297205567359924,0.025,40,resnet50
n02281787,0.34583306312561035,0.2,40,resnet50
n02317335,0.3742040693759918,0.25,40,resnet50
n02319095,0.40116196870803833,0.35,40,resnet50
n02321529,0.4228798747062683,0.375,40,resnet50
n02325366,0.3083636164665222,0.175,40,resnet50
n02326432,0.3262028694152832,0.225,40,resnet50
n02328150,0.3827126622200012,0.25,40,resnet50
n02342885,0.38002273440361023,0.25,40,resnet50
n02346627,0.39933162927627563,0.25,40,resnet50
n02356798,0.3547644019126892,0.325,40,resnet50
n02361337,0.4226326048374176,0.325,40,resnet50
n02363005,0.4288731515407562,0.35,40,resnet50
n02364673,0.44568949937820435,0.4,40,resnet50
n02389026,0.4026520252227783,0.25,40,resnet50
n02391049,0.25348496437072754,0.0,40,resnet50
n02395406,0.463972270488739,0.4,40,resnet50
n02396427,0.40061187744140625,0.325,40,resnet50
n02397096,0.4282798171043396,0.275,40,resnet50
n02398521,0.47226428985595703,0.5,40,resnet50
n02403003,0.43075141310691833,0.525,40,resnet50
n02408429,0.40262484550476074,0.35,40,resnet50
n02410509,0.3900103271007538,0.175,40,resnet50
n02412080,0.3190957009792328,0.375,40,resnet50
n02415577,0.3873773515224457,0.175,40,resnet50
n02417914,0.3852110803127289,0.225,40,resnet50
n02422106,0.33931583166122437,0.15,40,resnet50
n02422699,0.4219701886177063,0.375,40,resnet50
n02423022,0.28970956802368164,0.075,40,resnet50
n02437312,0.4314773976802826,0.4,40,resnet50
n02437616,0.3922328054904938,0.3,40,resnet50
n02441942,0.3123929500579834,0.2,40,resnet50
n02442845,0.39534226059913635,0.3,40,resnet50
n02443114,0.3165598511695862,0.225,40,resnet50
n02443484,0.35946041345596313,0.3,40,resnet50
n02444819,0.4089081883430481,0.35,40,resnet50
n02445715,0.3704518675804138,0.125,40,resnet50
n02447366,0.3236609399318695,0.2,40,resnet50
n02454379,0.3706098198890686,0.1,40,resnet50
n02457408,0.4305118918418884,0.4,40,resnet50
n02480495,0.3847714066505432,0.225,40,resnet50
n02480855,0.36013108491897583,0.125,40,resnet50
n02481823,0.3757935166358948,0.25,40,resnet50
n02483362,0.3122325837612152,0.3,40,resnet50
n02483708,0.3996371924877167,0.25,40,resnet50
n02484975,0.47125759720802307,0.65,40,resnet50
n02486261,0.3136196732521057,0.4,40,resnet50
n02486410,0.38961055874824524,0.175,40,resnet50
n02487347,0.35185950994491577,0.175,40,resnet50
n02488291,0.32649749517440796,0.2,40,resnet50
n02488702,0.39667585492134094,0.475,40,resnet50
n02489166,0.3954823315143585,0.225,40,resnet50
n02490219,0.3428764045238495,0.175,40,resnet50
n02492035,0.38393449783325195,0.375,40,resnet50
n02492660,0.3506157398223877,0.225,40,resnet50
n02493509,0.43048158288002014,0.625,40,resnet50
n02493793,0.3805142939090729,0.4,40,resnet50
n02494079,0.29449206590652466,0.125,40,resnet50
n02497673,0.3875134587287903,0.325,40,resnet50
n02500267,0.35890451073646545,0.15,40,resnet50
n02504013,0.41217073798179626,0.325,40,resnet50
n02504458,0.3825224041938782,0.2,40,resnet50
n02509815,0.2405218631029129,0.1,40,resnet50
n02510455,0.327812522649765,0.125,40,resnet50
n02514041,0.4265105128288269,0.375,40,resnet50
n02526121,0.4339286684989929,0.325,40,resnet50
n02536864,0.45740842819213867,0.45,40,resnet50
n02606052,0.27413591742515564,0.2,40,resnet50
n02607072,0.31349214911460876,0.2,40,resnet50
n02640242,0.43150538206100464,0.35,40,resnet50
n02641379,0.3874714970588684,0.45,40,resnet50
n02643566,0.30920347571372986,0.175,40,resnet50
n02655020,0.46544352173805237,0.4,40,resnet50
n02666196,0.3065444827079773,0.2,40,resnet50
n02667093,0.3961929380893707,0.225,40,resnet50
n02669723,0.3547726571559906,0.4,40,resnet50
n02672831,0.3513430953025818,0.175,40,resnet50
n02676566,0.3064279556274414,0.25,40,resnet50
n02687172,0.37551039457321167,0.425,40,resnet50
n02690373,0.29469507932662964,0.225,40,resnet50
n02692877,0.39986854791641235,0.2,40,resnet50
n02699494,0.41832226514816284,0.425,40,resnet50
n02701002,0.20580804347991943,0.0,40,resnet50
n02704792,0.3628367781639099,0.5,40,resnet50
n02708093,0.23320230841636658,0.125,40,resnet50
n02727426,0.5252798795700073,0.675,40,resnet50
n02730930,0.4202094078063965,0.5,40,resnet50
n02747177,0.38486483693122864,0.3,40,resnet50
n02749479,0.412065327167511,0.4,40,resnet50
n02769748,0.4264584481716156,0.5,40,resnet50
n02776631,0.41449013352394104,0.75,40,resnet50
n02777292,0.37065237760543823,0.275,40,resnet50
n02782093,0.30800288915634155,0.275,40,resnet50
n02783161,0.3646915853023529,0.325,40,resnet50
n02786058,0.4018617570400238,0.275,40,resnet50
n02787622,0.3927815556526184,0.325,40,resnet50
n02788148,0.3816807270050049,0.275,40,resnet50
n02790996,0.42033976316452026,0.625,40,resnet50
n02791124,0.4508171081542969,0.4,40,resnet50
n02791270,0.3795056939125061,0.55,40,resnet50
n02793495,0.3424764573574066,0.1,40,resnet50
n02794156,0.2532958388328552,0.225,40,resnet50
n02795169,0.36994847655296326,0.325,40,resnet50
n02797295,0.43914690613746643,0.35,40,resnet50
n02799071,0.26772835850715637,0.325,40,resnet50
n02802426,0.44271716475486755,0.4,40,resnet50
n02804414,0.48229044675827026,0.55,40,resnet50
n02804610,0.3676261901855469,0.375,40,resnet50
n02807133,0.3697659373283386,0.325,40,resnet50
n02808304,0.42318516969680786,0.875,40,resnet50
n02808440,0.44812798500061035,0.7,40,resnet50
n02814533,0.3178045153617859,0.4,40,resnet50
n02814860,0.2947555184364319,0.075,40,resnet50
n02815834,0.4278416037559509,0.425,40,resnet50
n02817516,0.3224776089191437,0.1,40,resnet50
n02823428,0.3650096654891968,0.225,40,resnet50
n02823750,0.3950023651123047,0.35,40,resnet50
n02825657,0.3532123267650604,0.3,40,resnet50
n02834397,0.4165023863315582,0.375,40,resnet50
n02835271,0.3627870976924896,0.425,40,resnet50
n02837789,0.3729514181613922,0.2,40,resnet50
n02840245,0.3854708969593048,0.3,40,resnet50
n02841315,0.36173394322395325,0.475,40,resnet50
n02843684,0.3939794600009918,0.175,40,resnet50
n02859443,0.4051843583583832,0.375,40,resnet50
n02860847,0.44400882720947266,0.375,40,resnet50
n02865351,0.3592759668827057,0.525,40,resnet50
n02869837,0.3913956582546234,0.6,40,resnet50
n02870880,0.31729960441589355,0.2,40,resnet50
n02871525,0.41725510358810425,0.6,40,resnet50
n02877765,0.36634936928749084,0.425,40,resnet50
n02879718,0.41423892974853516,0.35,40,resnet50
n02883205,0.31580662727355957,0.175,40,resnet50
n02892201,0.4485103487968445,0.325,40,resnet50
n02892767,0.3474598526954651,0.375,40,resnet50
n02894605,0.41685524582862854,0.425,40,resnet50
n02895154,0.3943730294704437,0.3,40,resnet50
n02906734,0.4354935586452484,0.525,40,resnet50
n02909870,0.383139044046402,0.3,40,resnet50
n02910353,0.3798626959323883,0.375,40,resnet50
n02916936,0.39886078238487244,0.525,40,resnet50
n02917067,0.4273565709590912,0.55,40,resnet50
n02927161,0.4580909311771393,0.4,40,resnet50
n02930766,0.28467121720314026,0.25,40,resnet50
n02939185,0.3691765367984772,0.375,40,resnet50
n02948072,0.41583794355392456,0.225,40,resnet50
n02950826,0.4186857342720032,0.3,40,resnet50
n02951358,0.35569044947624207,0.475,40,resnet50
n02951585,0.35499143600463867,0.325,40,resnet50
n02963159,0.38820892572402954,0.45,40,resnet50
n02965783,0.28792744874954224,0.025,40,resnet50
n02966193,0.4521331191062927,0.225,40,resnet50
n02966687,0.37559494376182556,0.425,40,resnet50
n02971356,0.426154762506485,0.725,40,resnet50
n02974003,0.29078763723373413,0.175,40,resnet50
n02977058,0.41968974471092224,0.3,40,resnet50
n02978881,0.34597402811050415,0.35,40,resnet50
n02979186,0.31198248267173767,0.475,40,resnet50
n02980441,0.38257846236228943,0.3,40,resnet50
n02981792,0.38235723972320557,0.525,40,resnet50
n02988304,0.3037513196468353,0.275,40,resnet50
n02992211,0.3718600273132324,0.375,40,resnet50
n02992529,0.2810690701007843,0.475,40,resnet50
n02999410,0.39284050464630127,0.25,40,resnet50
n03000134,0.32250815629959106,0.375,40,resnet50
n03000247,0.3829799294471741,0.325,40,resnet50
n03000684,0.35284778475761414,0.375,40,resnet50
n03014705,0.41289347410202026,0.325,40,resnet50
n03016953,0.2516857087612152,0.05,40,resnet50
n03017168,0.34690606594085693,0.225,40,resnet50
n03018349,0.3945845067501068,0.35,40,resnet50
n03026506,0.42483845353126526,0.2,40,resnet50
n03028079,0.3446589708328247,0.6,40,resnet50
n03032252,0.35058799386024475,0.5,40,resnet50
n03041632,0.43260854482650757,0.4,40,resnet50
n03042490,0.5104926824569702,0.425,40,resnet50
n03045698,0.40168219804763794,0.275,40,resnet50
n03047690,0.3361198604106903,0.275,40,resnet50
n03062245,0.32147151231765747,0.55,40,resnet50
n03063599,0.33519792556762695,0.35,40,resnet50
n03063689,0.3227658271789551,0.45,40,resnet50
n03065424,0.36041101813316345,0.2,40,resnet50
n03075370,0.3229444622993469,0.275,40,resnet50
n03085013,0.27358224987983704,0.1,40,resnet50
n03089624,0.46917253732681274,0.475,40,resnet50
n03095699,0.3490016758441925,0.275,40,resnet50
n03100240,0.29189223051071167,0.4,40,resnet50
n03109150,0.39370718598365784,0.475,40,resnet50
n03110669,0.349947988986969,0.4,40,resnet50
n03124043,0.44325628876686096,0.25,40,resnet50
n03124170,0.35650479793548584,0.45,40,resnet50
n03125729,0.44562119245529175,0.525,40,resnet50
n03126707,0.3446079194545746,0.25,40,resnet50
n03127747,0.33141863346099854,0.175,40,resnet50
n03127925,0.4337228238582611,0.45,40,resnet50
n03131574,0.4249449372291565,0.375,40,resnet50
n03133878,0.3952224850654602,0.6,40,resnet50
n03134739,0.37559202313423157,0.375,40,resnet50
n03141823,0.41197770833969116,0.625,40,resnet50
n03146219,0.45870113372802734,0.6,40,resnet50
n03160309,0.4408797323703766,0.35,40,resnet50
n03179701,0.4089530110359192,0.425,40,resnet50
n03180011,0.30539894104003906,0.5,40,resnet50
n03187595,0.39936986565589905,0.5,40,resnet50
n03188531,0.44570523500442505,0.475,40,resnet50
n03196217,0.311636745929718,0.275,40,resnet50
n03197337,0.33144593238830566,0.35,40,resnet50
n03201208,0.4315583109855652,0.5,40,resnet50
n03207743,0.47913098335266113,0.65,40,resnet50
n03207941,0.38846999406814575,0.675,40,resnet50
n03208938,0.3363072872161865,0.375,40,resnet50
n03216828,0.3478187918663025,0.475,40,resnet50
n03218198,0.35110050439834595,0.2,40,resnet50
n03220513,0.2574363648891449,0.4,40,resnet50
n03223299,0.48038363456726074,0.65,40,resnet50
n03240683,0.36629003286361694,0.325,40,resnet50
n03249569,0.3851892948150635,0.275,40,resnet50
n03250847,0.3878082036972046,0.425,40,resnet50
n03255030,0.38874882459640503,0.425,40,resnet50
n03259280,0.4062890112400055,0.55,40,resnet50
n03271574,0.32683947682380676,0.275,40,resnet50
n03272010,0.3852390646934509,0.325,40,resnet50
n03272562,0.2923579812049866,0.325,40,resnet50
n03290653,0.30230799317359924,0.25,40,resnet50
n03291819,0.41377753019332886,0.35,40,resnet50
n03297495,0.2991419732570648,0.35,40,resnet50
n03314780,0.3410763740539551,0.35,40,resnet50
n03325584,0.41076764464378357,0.45,40,resnet50
n03337140,0.39169394969940186,0.425,40,resnet50
n03344393,0.29057806730270386,0.175,40,resnet50
n03345487,0.33682358264923096,0.175,40,resnet50
n03347037,0.3529816269874573,0.325,40,resnet50
n03355925,0.33432045578956604,0.1,40,resnet50
n03372029,0.3897216320037842,0.4,40,resnet50
n03376595,0.36526697874069214,0.25,40,resnet50
n03379051,0.3751384913921356,0.35,40,resnet50
n03384352,0.34905487298965454,0.275,40,resnet50
n03388043,0.4052763879299164,0.35,40,resnet50
n03388183,0.35293981432914734,0.225,40,resnet50
n03388549,0.37914830446243286,0.375,40,resnet50
n03393912,0.378338485956192,0.25,40,resnet50
n03394916,0.3765777349472046,0.4,40,resnet50
n03400231,0.333164781332016,0.225,40,resnet50
n03404251,0.47992953658103943,0.525,40,resnet50
n03417042,0.34852081537246704,0.4,40,resnet50
n03424325,0.3580157160758972,0.25,40,resnet50
n03425413,0.4031701982021332,0.425,40,resnet50
n03443371,0.42040714621543884,0.425,40,resnet50
n03444034,0.34268951416015625,0.25,40,resnet50
n03445777,0.38579875230789185,0.4,40,resnet50
n03445924,0.3660804331302643,0.3,40,resnet50
n03447447,0.3819196820259094,0.325,40,resnet50
n03447721,0.3252921402454376,0.125,40,resnet50
n03450230,0.42476320266723633,0.525,40,resnet50
n03452741,0.35430634021759033,0.325,40,resnet50
n03457902,0.4201112389564514,0.35,40,resnet50
n03459775,0.3032066822052002,0.375,40,resnet50
n03461385,0.4415179193019867,0.55,40,resnet50
n03467068,0.41944393515586853,0.4,40,resnet50
n03476684,0.41506367921829224,0.475,40,resnet50
n03476991,0.3706064224243164,0.775,40,resnet50
n03478589,0.3325307071208954,0.25,40,resnet50
n03481172,0.39281946420669556,0.625,40,resnet50
n03482405,0.4294123649597168,0.275,40,resnet50
n03483316,0.35065388679504395,0.45,40,resnet50
n03485407,0.2516253590583801,0.225,40,resnet50
n03485794,0.5126608610153198,0.55,40,resnet50
n03492542,0.35029101371765137,0.325,40,resnet50
n03494278,0.37491196393966675,0.25,40,resnet50
n03495258,0.407318651676178,0.3,40,resnet50
n03496892,0.3456428349018097,0.225,40,resnet50
n03498962,0.39547526836395264,0.4,40,resnet50
n03527444,0.44595780968666077,0.4,40,resnet50
n03529860,0.3610721528530121,0.3,40,resnet50
n03530642,0.44165724515914917,0.425,40,resnet50
n03532672,0.40498608350753784,0.35,40,resnet50
n03534580,0.4219347834587097,0.325,40,resnet50
n03535780,0.36932697892189026,0.55,40,resnet50
n03538406,0.38711583614349365,0.4,40,resnet50
n03544143,0.29454222321510315,0.2,40,resnet50
n03584254,0.32888418436050415,0.15,40,resnet50
n03584829,0.3344556987285614,0.4,40,resnet50
n03590841,0.2891486585140228,0.15,40,resnet50
n03594734,0.4093014597892761,0.3,40,resnet50
n03594945,0.3681519031524658,0.525,40,resnet50
n03595614,0.3703249394893646,0.35,40,resnet50
n03598930,0.4660361409187317,0.5,40,resnet50
n03599486,0.36977049708366394,0.275,40,resnet50
n03602883,0.3342978358268738,0.25,40,resnet50
n03617480,0.4421789050102234,0.625,40,resnet50
n03623198,0.30165594816207886,0.125,40,resnet50
n03627232,0.38619059324264526,0.15,40,resnet50
n03630383,0.36944976449012756,0.325,40,resnet50
n03633091,0.3697606921195984,0.4,40,resnet50
n03637318,0.38001227378845215,0.5,40,resnet50
n03642806,0.3400764465332031,0.4,40,resnet50
n03649909,0.3769950270652771,0.3,40,resnet50
n03657121,0.33468374609947205,0.325,40,resnet50
n03658185,0.3618634343147278,0.175,40,resnet50
n03661043,0.40698879957199097,0.4,40,resnet50
n03662601,0.3050774037837982,0.2,40,resnet50
n03666591,0.312770813703537,0.45,40,resnet50
n03670208,0.2886606752872467,0.05,40,resnet50
n03673027,0.3819296956062317,0.375,40,resnet50
n03676483,0.374602347612381,0.475,40,resnet50
n03680355,0.4419094920158386,0.675,40,resnet50
n03690938,0.31869813799858093,0.225,40,resnet50
n03691459,0.34908634424209595,0.575,40,resnet50
n03692522,0.30346444249153137,0.4,40,resnet50
n03697007,0.4504183828830719,0.4,40,resnet50
n03706229,0.32613062858581543,0.325,40,resnet50
n03709823,0.34288525581359863,0.325,40,resnet50
n03710193,0.36447635293006897,0.525,40,resnet50
n03710637,0.3988470733165741,0.65,40,resnet50
n03710721,0.4101143777370453,0.425,40,resnet50
n03717622,0.459529310464859,0.475,40,resnet50
n03720891,0.3071337640285492,0.175,40,resnet50
n03721384,0.38593295216560364,0.375,40,resnet50
n03724870,0.43837136030197144,0.475,40,resnet50
n03729826,0.3844028115272522,0.35,40,resnet50
n03733131,0.3388635218143463,0.225,40,resnet50
n03733281,0.3962656855583191,0.15,40,resnet50
n03733805,0.43082913756370544,0.35,40,resnet50
n03742115,0.4340013861656189,0.45,40,resnet50
n03743016,0.40764275193214417,0.275,40,resnet50
n03759954,0.34826865792274475,0.525,40,resnet50
n03761084,0.38497233390808105,0.425,40,resnet50
n03763968,0.37004274129867554,0.275,40,resnet50
n03764736,0.40722140669822693,0.575,40,resnet50
n03769881,0.25742363929748535,0.15,40,resnet50
n03770439,0.4400571882724762,0.4,40,resnet50
n03770679,0.2996547222137451,0.25,40,resnet50
n03773504,0.3581400513648987,0.45,40,resnet50
n03775071,0.41684800386428833,0.425,40,resnet50
n03775546,0.368168443441391,0.55,40,resnet50
n03776460,0.3579716086387634,0.175,40,resnet50
n03777568,0.34285393357276917,0.3,40,resnet50
n03777754,0.3309893310070038,0.325,40,resnet50
n03781244,0.35230860114097595,0.175,40,resnet50
n03782006,0.3900166451931,0.35,40,resnet50
n03785016,0.36040547490119934,0.375,40,resnet50
n03786901,0.3913382887840271,0.425,40,resnet50
n03787032,0.32141485810279846,0.2,40,resnet50
n03788195,0.3076159358024597,0.125,40,resnet50
n03788365,0.5206655263900757,0.525,40,resnet50
n03791053,0.3837955594062805,0.2,40,resnet50
n03792782,0.39135321974754333,0.225,40,resnet50
n03792972,0.4506033957004547,0.325,40,resnet50
n03793489,0.3904306888580322,0.375,40,resnet50
n03794056,0.429028183221817,0.325,40,resnet50
n03796401,0.34310030937194824,0.2,40,resnet50
n03803284,0.37867268919944763,0.45,40,resnet50
n03804744,0.3692220151424408,0.375,40,resnet50
n03814639,0.3661036491394043,0.5,40,resnet50
n03814906,0.4081133306026459,0.4,40,resnet50
n03825788,0.396190345287323,0.475,40,resnet50
n03832673,0.37989258766174316,0.525,40,resnet50
n03837869,0.3338070511817932,0.325,40,resnet50
n03838899,0.3387588858604431,0.375,40,resnet50
n03840681,0.34233587980270386,0.45,40,resnet50
n03841143,0.26008906960487366,0.175,40,resnet50
n03843555,0.34551382064819336,0.475,40,resnet50
n03854065,0.3187940716743469,0.2,40,resnet50
n03857828,0.2789278030395508,0.225,40,resnet50
n03866082,0.43515366315841675,0.5,40,resnet50
n03868242,0.39424365758895874,0.275,40,resnet50
n03868863,0.39287152886390686,0.55,40,resnet50
n03871628,0.3938799798488617,0.35,40,resnet50
n03873416,0.43128594756126404,0.35,40,resnet50
n03874293,0.293682336807251,0.25,40,resnet50
n03874599,0.3695586323738098,0.325,40,resnet50
n03876231,0.36084017157554626,0.375,40,resnet50
n03877472,0.4187965393066406,0.525,40,resnet50
n03877845,0.32667407393455505,0.225,40,resnet50
n03884397,0.365861177444458,0.475,40,resnet50
n03887697,0.4611373841762543,0.525,40,resnet50
n03888257,0.36270225048065186,0.125,40,resnet50
n03888605,0.34957680106163025,0.425,40,resnet50
n03891251,0.39960628747940063,0.3,40,resnet50
n03891332,0.3771205246448517,0.55,40,resnet50
n03895866,0.35385626554489136,0.375,40,resnet50
n03899768,0.44936394691467285,0.475,40,resnet50
n03902125,0.3822845220565796,0.4,40,resnet50
n03903868,0.3670247793197632,0.175,40,resnet50
n03908618,0.39792507886886597,0.65,40,resnet50
n03908714,0.42429494857788086,0.425,40,resnet50
n03916031,0.3124401569366455,0.4,40,resnet50
n03920288,0.3529399037361145,0.075,40,resnet50
n03924679,0.36044710874557495,0.25,40,resnet50
n03929660,0.32615846395492554,0.3,40,resnet50
n03929855,0.43622294068336487,0.4,40,resnet50
n03930313,0.35038453340530396,0.225,40,resnet50
n03930630,0.2977360486984253,0.25,40,resnet50
n03933933,0.3458355963230133,0.35,40,resnet50
n03935335,0.3199930787086487,0.1,40,resnet50
n03937543,0.3530755639076233,0.5,40,resnet50
n03938244,0.41964417695999146,0.675,40,resnet50
n03942813,0.40216031670570374,0.475,40,resnet50
n03944341,0.37137308716773987,0.2,40,resnet50
n03947888,0.30780649185180664,0.1,40,resnet50
n03950228,0.35242950916290283,0.35,40,resnet50
n03954731,0.4407137930393219,0.625,40,resnet50
n03956157,0.2528572380542755,0.05,40,resnet50
n03958227,0.4592263102531433,0.625,40,resnet50
n03961711,0.40305766463279724,0.425,40,resnet50
n03967562,0.43968716263771057,0.55,40,resnet50
n03970156,0.35784515738487244,0.45,40,resnet50
n03976467,0.30907922983169556,0.55,40,resnet50
n03976657,0.3765406906604767,0.35,40,resnet50
n03977966,0.2753440737724304,0.175,40,resnet50
n03980874,0.39504820108413696,0.4,40,resnet50
n03982430,0.3842613101005554,0.325,40,resnet50
n03983396,0.35927098989486694,0.35,40,resnet50
n03991062,0.4186909794807434,0.375,40,resnet50
n03992509,0.41650232672691345,0.275,40,resnet50
n03995372,0.3888244330883026,0.4,40,resnet50
n03998194,0.4048570692539215,0.375,40,resnet50
n04004767,0.3611012101173401,0.4,40,resnet50
n04005630,0.3450688123703003,0.3,40,resnet50
n04008634,0.3989934027194977,0.425,40,resnet50
n04009552,0.34942492842674255,0.4,40,resnet50
n04019541,0.30619537830352783,0.375,40,resnet50
n04023962,0.39666494727134705,0.25,40,resnet50
n04026417,0.4036317765712738,0.25,40,resnet50
n04033901,0.4351552426815033,0.5,40,resnet50
n04033995,0.45787113904953003,0.375,40,resnet50
n04037443,0.39369282126426697,0.3,40,resnet50
n04039381,0.42158007621765137,0.4,40,resnet50
n04040759,0.3761930465698242,0.275,40,resnet50
n04041544,0.28008073568344116,0.425,40,resnet50
n04044716,0.3172777593135834,0.175,40,resnet50
n04049303,0.41010966897010803,0.55,40,resnet50
n04065272,0.2923721671104431,0.25,40,resnet50
n04067472,0.41142815351486206,0.5,40,resnet50
n04069434,0.3124486804008484,0.225,40,resnet50
n04070727,0.462411105632782,0.325,40,resnet50
n04074963,0.3745865225791931,0.475,40,resnet50
n04081281,0.410724401473999,0.3,40,resnet50
n04086273,0.32241326570510864,0.075,40,resnet50
n04090263,0.38192254304885864,0.5,40,resnet50
n04099969,0.39162176847457886,0.3,40,resnet50
n04111531,0.4062827527523041,0.175,40,resnet50
n04116512,0.37869834899902344,0.525,40,resnet50
n04118538,0.41678887605667114,0.65,40,resnet50
n04118776,0.4261469841003418,0.35,40,resnet50
n04120489,0.37512049078941345,0.35,40,resnet50
n04125021,0.4098993241786957,0.425,40,resnet50
n04127249,0.3949586749076843,0.35,40,resnet50
n04131690,0.3044636845588684,0.25,40,resnet50
n04133789,0.47722238302230835,0.575,40,resnet50
n04136333,0.45754891633987427,0.725,40,resnet50
n04141076,0.38744330406188965,0.3,40,resnet50
n04141327,0.4196951389312744,0.475,40,resnet50
n04141975,0.3315597176551819,0.375,40,resnet50
n04146614,0.258574903011322,0.35,40,resnet50
n04147183,0.32418331503868103,0.125,40,resnet50
n04149813,0.367856502532959,0.425,40,resnet50
n04152593,0.3621414601802826,0.5277777777777778,36,resnet50
n04153751,0.30594801902770996,0.175,40,resnet50
n04154565,0.4001489579677582,0.4,40,resnet50
n04162706,0.46795693039894104,0.775,40,resnet50
n04179913,0.4383857250213623,0.45,40,resnet50
n04192698,0.3722972869873047,0.4,40,resnet50
n04200800,0.4743179380893707,0.475,40,resnet50
n04201297,0.34222787618637085,0.4,40,resnet50
n04204238,0.3273760676383972,0.575,40,resnet50
n04204347,0.3640744090080261,0.525,40,resnet50
n04208210,0.42921537160873413,0.425,40,resnet50
n04209133,0.38507458567619324,0.45,40,resnet50
n04209239,0.45450305938720703,0.5,40,resnet50
n04228054,0.42646828293800354,0.375,40,resnet50
n04229816,0.35723504424095154,0.3,40,resnet50
n04235860,0.4660760760307312,0.475,40,resnet50
n04238763,0.4044950008392334,0.475,40,resnet50
n04239074,0.41171687841415405,0.375,40,resnet50
n04243546,0.3447941839694977,0.175,40,resnet50
n04251144,0.3923625349998474,0.325,40,resnet50
n04252077,0.37013062834739685,0.35,40,resnet50
n04252225,0.3723391592502594,0.275,40,resnet50
n04254120,0.3316478133201599,0.425,40,resnet50
n04254680,0.29757919907569885,0.15,40,resnet50
n04254777,0.39063483476638794,0.325,40,resnet50
n04258138,0.40759825706481934,0.525,40,resnet50
n04259630,0.36742103099823,0.275,40,resnet50
n04263257,0.3379546105861664,0.425,40,resnet50
n04264628,0.30761098861694336,0.3,40,resnet50
n04265275,0.3503117561340332,0.075,40,resnet50
n04266014,0.44974011182785034,0.475,40,resnet50
n04270147,0.39368486404418945,0.6,40,resnet50
n04273569,0.3142758905887604,0.1,40,resnet50
n04275548,0.41928520798683167,0.175,40,resnet50
n04277352,0.4539876878261566,0.575,40,resnet50
n04285008,0.28486424684524536,0.275,40,resnet50
n04286575,0.35099077224731445,0.125,40,resnet50
n04296562,0.4278383255004883,0.225,40,resnet50
n04310018,0.3983149528503418,0.325,40,resnet50
n04311004,0.29069191217422485,0.1,40,resnet50
n04311174,0.3876650631427765,0.45,40,resnet50
n04317175,0.3964889943599701,0.45,40,resnet50
n04325704,0.39846014976501465,0.6,40,resnet50
n04326547,0.45283931493759155,0.525,40,resnet50
n04328186,0.25867944955825806,0.6,40,resnet50
n04330267,0.4510788321495056,0.4,40,resnet50
n04332243,0.33463308215141296,0.425,40,resnet50
n04335435,0.37887510657310486,0.35,40,resnet50
n04336792,0.4444887638092041,0.4,40,resnet50
n04344873,0.37520450353622437,0.275,40,resnet50
n04346328,0.3239569365978241,0.175,40,resnet50
n04347754,0.3769339621067047,0.225,40,resnet50
n04350905,0.3782276213169098,0.325,40,resnet50
n04355338,0.4285506308078766,0.475,40,resnet50
n04355933,0.369064599275589,0.475,40,resnet50
n04356056,0.38137301802635193,0.5,40,resnet50
n04357314,0.3439182639122009,0.85,40,resnet50
n04366367,0.4301413893699646,0.425,40,resnet50
n04367480,0.374582976102829,0.3,40,resnet50
n04370456,0.38666537404060364,0.375,40,resnet50
n04371430,0.3960603177547455,0.3,40,resnet50
n04371774,0.3831494450569153,0.35,40,resnet50
n04372370,0.3827236592769623,0.275,40,resnet50
n04376876,0.36968332529067993,0.425,40,resnet50
n04380533,0.35237884521484375,0.35,40,resnet50
n04389033,0.3788386583328247,0.175,40,resnet50
n04392985,0.33595889806747437,0.4,40,resnet50
n04398044,0.32627570629119873,0.325,40,resnet50
n04399382,0.428435742855072,0.475,40,resnet50
n04404412,0.35946208238601685,0.325,40,resnet50
n04409515,0.30262622237205505,0.35,40,resnet50
n04417672,0.4016643464565277,0.2,40,resnet50
n04418357,0.3306082785129547,0.125,40,resnet50
n04423845,0.34388643503189087,0.275,40,resnet50
n04428191,0.3504108786582947,0.35,40,resnet50
n04429376,0.3969118893146515,0.275,40,resnet50
n04435653,0.3827272653579712,0.325,40,resnet50
n04442312,0.3315731883049011,0.375,40,resnet50
n04443257,0.42748990654945374,0.375,40,resnet50
n04447861,0.36423259973526,0.45,40,resnet50
n04456115,0.4047652781009674,0.275,40,resnet50
n04458633,0.3751581311225891,0.25,40,resnet50
n04461696,0.3192179799079895,0.2,40,resnet50
n04462240,0.4353041648864746,0.525,40,resnet50
n04465501,0.3432103097438812,0.15,40,resnet50
n04467665,0.3551057279109955,0.325,40,resnet50
n04476259,0.3933335542678833,0.525,40,resnet50
n04479046,0.34937092661857605,0.325,40,resnet50
n04482393,0.37143969535827637,0.575,40,resnet50
n04483307,0.327895849943161,0.275,40,resnet50
n04485082,0.37090176343917847,0.3,40,resnet50
n04486054,0.3152383267879486,0.1,40,resnet50
n04487081,0.31355077028274536,0.25,40,resnet50
n04487394,0.42324361205101013,0.35,40,resnet50
n04493381,0.4290475845336914,0.65,40,resnet50
n04501370,0.38666900992393494,0.275,40,resnet50
n04505470,0.314089298248291,0.4,40,resnet50
n04507155,0.40673914551734924,0.3,40,resnet50
n04509417,0.36718231439590454,0.225,40,resnet50
n04515003,0.263084352016449,0.1,40,resnet50
n04517823,0.46245846152305603,0.7,40,resnet50
n04522168,0.3629963994026184,0.35,40,resnet50
n04523525,0.4497823715209961,0.325,40,resnet50
n04525038,0.40973225235939026,0.5,40,resnet50
n04525305,0.35268455743789673,0.3,40,resnet50
n04532106,0.41204023361206055,0.475,40,resnet50
n04532670,0.27671486139297485,0.05,40,resnet50
n04536866,0.3755521774291992,0.325,40,resnet50
n04540053,0.33196505904197693,0.25,40,resnet50
n04542943,0.3542361259460449,0.475,40,resnet50
n04548280,0.37621304392814636,0.325,40,resnet50
n04548362,0.4338299334049225,0.4,40,resnet50
n04550184,0.40710610151290894,0.475,40,resnet50
n04552348,0.3187040686607361,0.125,40,resnet50
n04553703,0.399892657995224,0.325,40,resnet50
n04554684,0.3398815989494324,0.325,40,resnet50
n04557648,0.4169294834136963,0.425,40,resnet50
n04560804,0.3869786858558655,0.45,40,resnet50
n04562935,0.23940105736255646,0.025,40,resnet50
n04579145,0.2699725031852722,0.175,40,resnet50
n04579432,0.3357619047164917,0.325,40,resnet50
n04584207,0.32407984137535095,0.225,40,resnet50
n04589890,0.36578112840652466,0.175,40,resnet50
n04590129,0.342453271150589,0.325,40,resnet50
n04591157,0.3057189881801605,0.075,40,resnet50
n04591713,0.340613454580307,0.175,40,resnet50
n04592741,0.3357601761817932,0.275,40,resnet50
n04596742,0.3793742060661316,0.425,40,resnet50
n04597913,0.3823363184928894,0.4,40,resnet50
n04599235,0.32163703441619873,0.275,40,resnet50
n04604644,0.34234413504600525,0.1,40,resnet50
n04606251,0.4609254002571106,0.525,40,resnet50
n04612504,0.348745197057724,0.525,40,resnet50
n04613696,0.35078635811805725,0.3,40,resnet50
n06359193,0.38092732429504395,0.275,40,resnet50
n06596364,0.3973368704319,0.575,40,resnet50
n06785654,0.3057617247104645,0.375,40,resnet50
n06794110,0.3395436704158783,0.2,40,resnet50
n06874185,0.31982824206352234,0.275,40,resnet50
n07248320,0.3812078535556793,0.55,40,resnet50
n07565083,0.337746798992157,0.225,40,resnet50
n07579787,0.4077697694301605,0.25,40,resnet50
n07583066,0.43675142526626587,0.45,40,resnet50
n07584110,0.34611746668815613,0.3,40,resnet50
n07590611,0.35661500692367554,0.25,40,resnet50
n07613480,0.3896629214286804,0.3,40,resnet50
n07614500,0.39991235733032227,0.575,40,resnet50
n07615774,0.40571480989456177,0.5,40,resnet50
n07684084,0.48803988099098206,0.45,40,resnet50
n07693725,0.418301522731781,0.45,40,resnet50
n07695742,0.317798912525177,0.15,40,resnet50
n07697313,0.4477049708366394,0.55,40,resnet50
n07697537,0.44781628251075745,0.475,40,resnet50
n07711569,0.38541969656944275,0.25,40,resnet50
n07714571,0.4068123698234558,0.275,40,resnet50
n07714990,0.38500699400901794,0.2,40,resnet50
n07715103,0.3077108860015869,0.175,40,resnet50
n07716358,0.41338419914245605,0.375,40,resnet50
n07716906,0.4186246395111084,0.25,40,resnet50
n07717410,0.3712063431739807,0.425,40,resnet50
n07717556,0.4494662284851074,0.475,40,resnet50
n07718472,0.3620481789112091,0.325,40,resnet50
n07718747,0.3776797354221344,0.45,40,resnet50
n07720875,0.29459744691848755,0.125,40,resnet50
n07730033,0.2380153387784958,0.025,40,resnet50
n07734744,0.4025539457798004,0.325,40,resnet50
n07742313,0.3060420751571655,0.1,40,resnet50
n07745940,0.299752414226532,0.2,40,resnet50
n07747607,0.3847581744194031,0.275,40,resnet50
n07749582,0.30723118782043457,0.175,40,resnet50
n07753113,0.379629522562027,0.275,40,resnet50
n07753275,0.40450534224510193,0.35,40,resnet50
n07753592,0.4573081433773041,0.65,40,resnet50
n07754684,0.375634104013443,0.175,40,resnet50
n07760859,0.3168564438819885,0.2,40,resnet50
n07768694,0.3320636749267578,0.25,40,resnet50
n07802026,0.4350919723510742,0.3,40,resnet50
n07831146,0.3777082860469818,0.3,40,resnet50
n07836838,0.46728724241256714,0.475,40,resnet50
n07860988,0.4275282025337219,0.55,40,resnet50
n07871810,0.4109369218349457,0.5,40,resnet50
n07873807,0.35955810546875,0.275,40,resnet50
n07875152,0.4158811569213867,0.3,40,resnet50
n07880968,0.4822562336921692,0.725,40,resnet50
n07892512,0.38150787353515625,0.375,40,resnet50
n07920052,0.34855371713638306,0.25,40,resnet50
n07930864,0.3435173034667969,0.325,40,resnet50
n07932039,0.3895341753959656,0.5,40,resnet50
n09193705,0.3879159986972809,0.3,40,resnet50
n09229709,0.3902149200439453,0.375,40,resnet50
n09246464,0.4430271089076996,0.425,40,resnet50
n09256479,0.37291544675827026,0.075,40,resnet50
n09288635,0.4163312017917633,0.3,40,resnet50
n09332890,0.3706780970096588,0.275,40,resnet50
n09399592,0.4477764070034027,0.4,40,resnet50
n09421951,0.4393620491027832,0.325,40,resnet50
n09428293,0.4191564917564392,0.375,40,resnet50
n09468604,0.4155939221382141,0.55,40,resnet50
n09472597,0.38252711296081543,0.175,40,resnet50
n09835506,0.3690880835056305,0.2,40,resnet50
n10148035,0.4566865861415863,0.625,40,resnet50
n10565667,0.3789657652378082,0.125,40,resnet50
n11879895,0.27894195914268494,0.15,40,resnet50
n11939491,0.18938569724559784,0.0,40,resnet50
n12057211,0.21114568412303925,0.025,40,resnet50
n12144580,0.3704790472984314,0.55,40,resnet50
n12267677,0.4870203137397766,0.525,40,resnet50
n12620546,0.34785914421081543,0.15,40,resnet50
n12768682,0.3795008063316345,0.4,40,resnet50
n12985857,0.3680271506309509,0.2,40,resnet50
n12998815,0.2735065817832947,0.2,40,resnet50
n13037406,0.3795120120048523,0.225,40,resnet50
n13040303,0.40543994307518005,0.3,40,resnet50
n13044778,0.3554150462150574,0.175,40,resnet50
n13052670,0.44471949338912964,0.35,40,resnet50
n13054560,0.4336831569671631,0.35,40,resnet50
n13133613,0.4103519916534424,0.3,40,resnet50
n15075141,0.4294576644897461,0.65,40,resnet50
