wnid,CNN,ViT,diff,name
n01440764,0.25165287628053584,0.12106087470449167,-0.13059200157604417,tench
n01443537,0.30791568163908595,0.18452975639839653,-0.12338592524068942,goldfish
n01484850,0.2563768115942029,0.2014617940199335,-0.05491501757426939,great_white_shark
n01491361,0.384401461422738,0.29416301855326243,-0.09023844286947558,tiger_shark
n01494475,0.2820207626683113,0.24863636363636363,-0.03338439903194765,hammerhead
n01496331,0.36776340232948285,0.29084126984126984,-0.076922132488213,electric_ray
n01498041,0.4112515493095204,0.41045454545454546,-0.0007970038549749425,stingray
n01514668,0.2291130044071221,0.14373983739837393,-0.08537316700874817,cock
n01514859,0.3100643123743899,0.2629152148664343,-0.047149097507955595,hen
n01518878,0.20035555555555554,0.10721088435374147,-0.09314467120181406,ostrich
n01530575,0.25901300236406616,0.1478550724637681,-0.11115792990029805,brambling
n01531178,0.2130666666666667,0.12911564625850336,-0.08395102040816335,goldfinch
n01532829,0.30657052154195014,0.1795586297760211,-0.12701189176592903,house_finch
n01534433,0.24586666666666668,0.1573768707482993,-0.08848979591836736,junco
n01537544,0.16815996847911738,0.056999691643539914,-0.11116027683557747,indigo_bunting
n01558993,0.2074527588813303,0.1253073286052009,-0.08214543027612939,robin
n01560419,0.2635061728395062,0.1363915343915344,-0.12711463844797183,bulbul
n01580077,0.21425925925925923,0.09332716620413198,-0.12093209305512725,jay
n01582220,0.27166666666666667,0.19254629629629633,-0.07912037037037034,magpie
n01592084,0.28026666666666666,0.12680555555555553,-0.15346111111111113,chickadee
n01601694,0.2591046698872786,0.15262626262626267,-0.10647840726101593,water_ouzel
n01608432,0.29216161616161623,0.17706577974870658,-0.11509583641290966,kite
n01614925,0.20997732426303853,0.12222222222222218,-0.08775510204081635,bald_eagle
n01616318,0.3189444444444444,0.25555555555555554,-0.06338888888888888,vulture
n01622779,0.179901738473167,0.11768707482993199,-0.062214663643235024,great_grey_owl
n01629819,0.2376039304610733,0.15198757763975157,-0.08561635282132174,European_fire_salamander
n01631663,0.24105263157894732,0.11209709709709709,-0.12895553448185024,eft
n01632458,0.31601851851851853,0.22711111111111115,-0.08890740740740738,spotted_salamander
n01632777,0.34564412238325276,0.21556998556998558,-0.13007413681326718,axolotl
n01641577,0.36948754678022966,0.2868846153846154,-0.08260293139561425,bullfrog
n01644373,0.34972234421509785,0.23239577927694166,-0.11732656493815619,tree_frog
n01664065,0.4000187244878853,0.3571212121212122,-0.04289751236667311,loggerhead
n01665541,0.3968024164515393,0.3436992481203007,-0.05310316833123857,leatherback_turtle
n01669191,0.3686845196147522,0.2911400180668473,-0.07754450154790488,box_turtle
n01675722,0.37912345679012344,0.27230434782608703,-0.1068191089640364,banded_gecko
n01677366,0.3529472670141984,0.2875555555555556,-0.06539171145864275,common_iguana
n01682714,0.40391337022613927,0.3579202059202059,-0.045993164305933365,American_chameleon
n01685808,0.31372492319640016,0.24754674403610577,-0.06617817916029439,whiptail
n01687978,0.3671999060371154,0.25820751064653497,-0.10899239539058042,agama
n01688243,0.4155555555555555,0.3618578100674623,-0.053697745488093196,frilled_lizard
n01692333,0.4132098765432099,0.2936507936507936,-0.11955908289241629,Gila_monster
n01694178,0.2840728436077273,0.2547475893363585,-0.029325254271368784,African_chameleon
n01695060,0.3428703703703704,0.2884669887278583,-0.05440338164251207,Komodo_dragon
n01697457,0.5756967290603138,0.4571421532397142,-0.11855457582059958,African_crocodile
n01698640,0.4527365379563961,0.4247826086956522,-0.027953929260743915,American_alligator
n01704323,0.3832013396375098,0.29906330749354004,-0.08413803214396975,triceratops
n01728572,0.4012737127371273,0.33887606837606843,-0.06239764436105888,thunder_snake
n01728920,0.3852551492382337,0.2605415713196033,-0.12471357791863036,ringneck_snake
n01734418,0.3847607039663778,0.31256459948320414,-0.07219610448317365,king_snake
n01735189,0.33936424029988194,0.22092929292929292,-0.11843494737058902,garter_snake
n01737021,0.5086046511627907,0.43128205128205127,-0.07732259988073947,water_snake
n01742172,0.4332734879246507,0.3775193798449613,-0.05575410807968939,boa_constrictor
n01748264,0.3455365587114829,0.21784848484848487,-0.12768807386299805,Indian_cobra
n01751748,0.3003787046626704,0.2496448438168592,-0.05073386084581122,sea_snake
n01755581,0.520955192955193,0.4197408536585366,-0.10121433929665641,diamondback
n01768244,0.3190022675736961,0.2693452380952381,-0.049657029478458015,trilobite
n01770081,0.3143764172335601,0.24539682539682534,-0.06897959183673474,harvestman
n01770393,0.3025354609929078,0.2078640936829952,-0.0946713673099126,scorpion
n01773157,0.2673640661938534,0.18042553191489358,-0.08693853427895981,black_and_gold_garden_spider
n01774384,0.25758750293634014,0.20273901808785535,-0.054848484848484785,black_widow
n01774750,0.29401340441613993,0.19958063521430774,-0.09443276920183219,tarantula
n01775062,0.44574420574420576,0.42807017543859655,-0.017674030305609212,wolf_spider
n01776313,0.12300600600600602,0.06732793522267212,-0.055678070783333894,tick
n01784675,0.3243815937149271,0.27035772357723575,-0.05402387013769133,centipede
n01795545,0.10154589371980678,0.05525925925925927,-0.04628663446054751,black_grouse
n01796340,0.35634948778565795,0.26503342366756993,-0.09131606411808801,ptarmigan
n01797886,0.3403081282893257,0.23970370370370375,-0.10060442458562197,ruffed_grouse
n01798484,0.23490740740740737,0.12366545893719802,-0.11124194847020935,prairie_chicken
n01806143,0.2215959457068879,0.15231973995271864,-0.06927620575416926,peacock
n01806567,0.26529550827423165,0.17362922705314007,-0.09166628122109158,quail
n01807496,0.2327000933353741,0.190036075036075,-0.042664018299299084,partridge
n01817953,0.3186394557823129,0.17464371980676324,-0.14399573597554965,African_grey
n01818515,0.19330370370370367,0.08514112027789834,-0.10816258342580533,macaw
n01819313,0.3087528344671202,0.1956944444444444,-0.11305839002267581,sulphur-crested_cockatoo
n01820546,0.13804444444444444,0.05306666666666665,-0.08497777777777779,lorikeet
n01824575,0.25042894935752075,0.13969424743892822,-0.11073470191859253,coucal
n01828970,0.17442176870748297,0.07885770975056691,-0.09556405895691605,bee_eater
n01829413,0.2994214663643235,0.2368777777777778,-0.06254368858654569,hornbill
n01833805,0.23320483749055168,0.1529166666666666,-0.08028817082388509,hummingbird
n01843065,0.15153664302600467,0.055460992907801335,-0.09607565011820333,jacamar
n01843383,0.20520094562647748,0.094235836627141,-0.11096510899933648,toucan
n01847000,0.32165972864631515,0.2028989898989899,-0.11876073874732523,drake
n01855032,0.17457052797478323,0.0691161616161616,-0.10545436635862163,red-breasted_merganser
n01855672,0.31267089499647643,0.27921212121212124,-0.03345877378435519,goose
n01860187,0.15210884353741494,0.06619614512471654,-0.0859126984126984,black_swan
n01871265,0.26102839681787054,0.15284020862968234,-0.1081881881881882,tusker
n01872401,0.27599999999999997,0.205178231292517,-0.07082176870748297,echidna
n01873310,0.3911058682545033,0.2640758873929009,-0.1270299808616024,platypus
n01877812,0.39898316498316494,0.40442032730404825,0.005437162320883315,wallaby
n01882714,0.397919621749409,0.30403664302600464,-0.09388297872340434,koala
n01883070,0.46203194738078457,0.3768508771929825,-0.08518107018780208,wombat
n01910747,0.25197793538219065,0.18102415458937204,-0.07095378079281861,jellyfish
n01917289,0.3162568951930654,0.26421214924452663,-0.05204474594853875,brain_coral
n01924916,0.2794263199369582,0.20253787878787877,-0.07688844114907945,flatworm
n01930112,0.17293075684380033,0.1257745571658615,-0.047156199677938826,nematode
n01943899,0.40730976430976434,0.3057777777777778,-0.10153198653198653,conch
n01944390,0.3331568163908589,0.2714781144781145,-0.06167870191274444,snail
n01945685,0.40596969696969704,0.3469746588693957,-0.05899503810030132,slug
n01950731,0.459069791345462,0.32592631032693303,-0.13314348101852896,sea_slug
n01955084,0.3613593380614657,0.2585608465608466,-0.1027984915006191,chiton
n01968897,0.2330284487385937,0.16701962724723732,-0.0660088214913564,chambered_nautilus
n01978287,0.3948021680216802,0.33171428571428574,-0.06308788230739448,Dungeness_crab
n01978455,0.522525701370374,0.4673121693121693,-0.05521353205820473,rock_crab
n01980166,0.38571273712737125,0.2656905083220873,-0.12002222880528396,fiddler_crab
n01981276,0.34788428814520705,0.22243902439024388,-0.12544526375496318,king_crab
n01983481,0.40292391616422635,0.23871834625322996,-0.16420556991099639,American_lobster
n01984695,0.45763448437867044,0.37456140350877193,-0.08307308086989851,spiny_lobster
n01985128,0.5607913602332207,0.5148677248677248,-0.04592363536549593,crayfish
n01986214,0.45556462585034013,0.35844696969696965,-0.09711765615337048,hermit_crab
n01990800,0.39485882049296683,0.30831785345717233,-0.0865409670357945,isopod
n02002556,0.216,0.12501317523056654,-0.09098682476943346,white_stork
n02002724,0.22994627122286693,0.1710043066322136,-0.05894196459065332,black_stork
n02006656,0.1672888888888889,0.07991564625850335,-0.08737324263038555,spoonbill
n02007558,0.22630385487528346,0.1166042553191489,-0.10969959955613455,flamingo
n02009229,0.2532253696384131,0.1953993216157878,-0.05782604802262528,little_blue_heron
n02009912,0.20906011237879876,0.14402096823928456,-0.0650391441395142,American_egret
n02011460,0.2878841607565011,0.19948616600790514,-0.08839799474859594,bittern
n02012849,0.3026341463414634,0.22862121212121217,-0.07401293422025124,crane
n02013706,0.16897777777777775,0.06500000000000003,-0.10397777777777772,limpkin
n02017213,0.20780045351473922,0.12476190476190474,-0.08303854875283448,European_gallinule
n02018207,0.2632624113475177,0.19556763285024148,-0.06769477849727623,American_coot
n02018795,0.20110536001840348,0.15305555555555553,-0.048049804462847956,bustard
n02025239,0.2003555555555556,0.09093333333333331,-0.10942222222222228,ruddy_turnstone
n02027492,0.29680134680134684,0.2064055448098001,-0.09039580199154673,red-backed_sandpiper
n02028035,0.18827423167848698,0.1278014184397163,-0.060472813238770684,redshank
n02033041,0.2470038030630075,0.17795454545454548,-0.06904925760846203,dowitcher
n02037110,0.2065691609977324,0.11596674225245648,-0.09060241874527591,oystercatcher
n02051845,0.327327059712774,0.17128458498023721,-0.15604247473253677,pelican
n02056570,0.25188208616780045,0.13424134871339846,-0.11764073745440198,king_penguin
n02058221,0.26262660619803474,0.2097119698943407,-0.05291463630369403,albatross
n02066245,0.28344285231823224,0.18529069767441864,-0.0981521546438136,grey_whale
n02071294,0.24362267573696142,0.15928333333333333,-0.08433934240362809,killer_whale
n02074367,0.26886312399355883,0.23249999999999996,-0.03636312399355887,dugong
n02077923,0.41465036841848435,0.361256038647343,-0.053394329771141336,sea_lion
n02085782,0.28501418037436194,0.19288667404946472,-0.09212750632489722,Japanese_spaniel
n02085936,0.33320536483327173,0.2534502923976608,-0.07975507243561092,Maltese_dog
n02086079,0.2917530864197531,0.21995767195767202,-0.0717954144620811,Pekinese
n02086240,0.3280343450167613,0.24170034843205565,-0.08633399658470567,Shih-Tzu
n02086646,0.1957821118991331,0.13359810874704486,-0.062184003152088246,Blenheim_spaniel
n02086910,0.23367218282111893,0.16337033610854146,-0.07030184671257747,papillon
n02087394,0.3985335177220382,0.34494094094094097,-0.053592576781097245,Rhodesian_ridgeback
n02088094,0.30755857898715044,0.18911231884057972,-0.11844626014657073,Afghan_hound
n02088238,0.32612526147409865,0.2557390035438816,-0.07038625793021702,basset
n02088364,0.32389101416051774,0.26804473304473303,-0.05584628111578471,beagle
n02088632,0.35072463768115947,0.28252780586450954,-0.06819683181664993,bluetick
n02089867,0.42339181286549704,0.39397055592177543,-0.029421256943721608,Walker_hound
n02090379,0.3419581682996317,0.20063264221158963,-0.14132552608804208,redbone
n02090622,0.3086675736961451,0.24808435374149657,-0.06058321995464855,borzoi
n02091032,0.39701556629092866,0.3483649503161698,-0.04865061597475884,Italian_greyhound
n02091134,0.33591485172880525,0.28897435897435897,-0.046940492754446284,whippet
n02091467,0.34064138143694117,0.2751587301587301,-0.06548265127821107,Norwegian_elkhound
n02091635,0.343140350877193,0.23516705516705522,-0.1079732957101378,otterhound
n02091831,0.3952134859111604,0.3404052149400987,-0.05480827097106172,Saluki
n02092002,0.32523982138166535,0.22959517657192074,-0.0956446448097446,Scottish_deerhound
n02092339,0.2671973823962723,0.21636705746128235,-0.05083032493498993,Weimaraner
n02093256,0.34081774081774086,0.3123273273273273,-0.028490413490413535,Staffordshire_bullterrier
n02093428,0.4157241527241527,0.4153838383838384,-0.000340314340314285,American_Staffordshire_terrier
n02093647,0.2784259259259259,0.235,-0.04342592592592592,Bedlington_terrier
n02093754,0.33175925925925925,0.2831898400131948,-0.04856941924606445,Border_terrier
n02093859,0.3728502415458937,0.27496296296296296,-0.09788727858293073,Kerry_blue_terrier
n02093991,0.3867477930892565,0.35166334440753044,-0.035084448681726055,Irish_terrier
n02094114,0.321134652871495,0.2935087719298246,-0.0276258809416704,Norfolk_terrier
n02094258,0.30921852673072187,0.15916408668730653,-0.15005444004341534,Norwich_terrier
n02095314,0.2988955253013224,0.20663780663780665,-0.09225771866351576,wire-haired_fox_terrier
n02095570,0.40652110249784673,0.3151602104256337,-0.09136089207221304,Lakeland_terrier
n02095889,0.2314630021141649,0.17503506829088225,-0.05642793382328265,Sealyham_terrier
n02096051,0.2564646464646465,0.21173713883016207,-0.04472750763448444,Airedale
n02096177,0.37317813051146387,0.34289926289926287,-0.030278867612201,cairn
n02096437,0.2600493827160494,0.17575661375661375,-0.08429276895943563,Dandie_Dinmont
n02096585,0.26376987797894363,0.21985185185185185,-0.04391802612709178,Boston_bull
n02097130,0.4180511053689348,0.4018774703557312,-0.016173635013203624,giant_schnauzer
n02097209,0.35397197382396267,0.21708725053603828,-0.1368847232879244,standard_schnauzer
n02097298,0.3255183714627843,0.23114480333992532,-0.09437356812285896,Scotch_terrier
n02098105,0.4156117320327846,0.3262121212121212,-0.08939961082066344,soft-coated_wheaten_terrier
n02098286,0.27423167848699764,0.200929866036249,-0.07330181245074865,West_Highland_white_terrier
n02098413,0.3838271604938272,0.37597665207421305,-0.007850508419614155,Lhasa
n02099267,0.3743928548920041,0.3294822421908429,-0.0449106127011612,flat-coated_retriever
n02099429,0.4267580567580567,0.39007177033492824,-0.03668628642312849,curly-coated_retriever
n02099601,0.3871764826806455,0.273,-0.11417648268064545,golden_retriever
n02099712,0.3984914482588901,0.43541226215644824,0.036920813897558136,Labrador_retriever
n02099849,0.4372438928289992,0.36401656314699793,-0.0732273296820013,Chesapeake_Bay_retriever
n02100236,0.3243322109988777,0.25604134366925063,-0.06829086732962708,German_short-haired_pointer
n02100583,0.418282912608494,0.30793478260869567,-0.11034812999979832,vizsla
n02100735,0.43441171403962103,0.3697334089619966,-0.06467830507762445,English_setter
n02100877,0.2821904538183608,0.23450216450216443,-0.04768828931619634,Irish_setter
n02101006,0.3088395061728395,0.2048674443266172,-0.10397206184622232,Gordon_setter
n02101388,0.3575495939973276,0.2760733437121605,-0.08147625028516708,Brittany_spaniel
n02101556,0.24056343577620168,0.12450354609929074,-0.11605988967691094,clumber
n02102040,0.3036406619385342,0.263665878644602,-0.03997478329393217,English_springer
n02102177,0.268681430018816,0.1696256038647343,-0.0990558261540817,Welsh_springer_spaniel
n02102318,0.4071416490486259,0.34162601626016253,-0.06551563278846334,cocker_spaniel
n02102480,0.3166160446160446,0.18717117117117113,-0.12944487344487346,Sussex_spaniel
n02102973,0.31857863660762215,0.23101449275362324,-0.08756414385399891,Irish_water_spaniel
n02104029,0.3539826426604347,0.3471013431013431,-0.006881299559091614,kuvasz
n02104365,0.34199217851391756,0.25905038759689925,-0.08294179091701831,schipperke
n02105056,0.3024872841017272,0.25645398529119456,-0.04603329881053264,groenendael
n02105162,0.29563435776201735,0.22860224586288408,-0.06703211189913327,malinois
n02105412,0.38072457566680923,0.34788159588159584,-0.03284297978521339,kelpie
n02105505,0.29044094973789697,0.2106259636139377,-0.07981498612395926,komondor
n02105641,0.26770030234315945,0.20901432913590962,-0.05868597320724983,Old_English_sheepdog
n02105855,0.39436419331156175,0.29662491760052734,-0.09773927571103441,Shetland_sheepdog
n02106166,0.3103643785342471,0.21466666666666676,-0.09569771186758033,Border_collie
n02106382,0.36522966941571583,0.28084462511291775,-0.08438504430279808,Bouvier_des_Flandres
n02106550,0.28951801997394694,0.2691296296296296,-0.02038839034431733,Rottweiler
n02106662,0.23205631870649182,0.16725203252032517,-0.06480428618616665,German_shepherd
n02107142,0.3323824289405685,0.2655921855921856,-0.0667902433483829,Doberman
n02107312,0.34653574504737295,0.256,-0.09053574504737294,miniature_pinscher
n02107683,0.2140022675736962,0.18210884353741497,-0.03189342403628123,Bernese_mountain_dog
n02108000,0.29135556945313046,0.14545238095238094,-0.14590318850074951,EntleBucher
n02108089,0.3185420749079286,0.24648648648648652,-0.07205558842144205,boxer
n02108422,0.36899449500056175,0.3495247724974722,-0.019469722503089537,bull_mastiff
n02108551,0.2163068032571579,0.1453376503237743,-0.0709691529333836,Tibetan_mastiff
n02108915,0.372132966661842,0.2987878787878788,-0.07334508787396316,French_bulldog
n02109525,0.24523246650906225,0.17939420803782502,-0.06583825847123723,Saint_Bernard
n02110063,0.3084935400516796,0.2710594315245478,-0.037434108527131804,malamute
n02110341,0.3130952380952381,0.18151300236406614,-0.13158223573117195,dalmatian
n02110627,0.3182546394174301,0.2521212121212122,-0.0661334272962179,affenpinscher
n02110806,0.29412332545311265,0.21753623188405796,-0.07658709356905469,basenji
n02110958,0.29269841269841274,0.2595301418439716,-0.03316827085444113,pug
n02111129,0.21004444444444445,0.0872,-0.12284444444444445,Leonberg
n02111277,0.40971916720914564,0.35285353535353536,-0.05686563185561028,Newfoundland
n02111500,0.4297593003202759,0.37400000000000005,-0.05575930032027587,Great_Pyrenees
n02111889,0.2785034013605442,0.2011752786220871,-0.0773281227384571,Samoyed
n02112018,0.2253061224489796,0.2096598639455782,-0.0156462585034014,Pomeranian
n02112137,0.21117809298660362,0.1409543496985357,-0.07022374328806791,chow
n02112350,0.24501182033096933,0.1953191489361702,-0.04969267139479913,keeshond
n02112706,0.35337626606198036,0.26325918436130774,-0.09011708170067262,Brabancon_griffon
n02113023,0.37965464076472405,0.3017671957671958,-0.07788744499752825,Pembroke
n02113186,0.3035597711532671,0.2536808236808237,-0.049878947472443425,Cardigan
n02113799,0.3520772946859904,0.35545249597423517,0.0033752012882447557,standard_poodle
n02113978,0.3568253968253969,0.2246049188906332,-0.13222047793476369,Mexican_hairless
n02114367,0.28845679012345676,0.25685185185185183,-0.03160493827160493,timber_wolf
n02114548,0.2936958234830575,0.2048033126293996,-0.0888925108536579,white_wolf
n02115641,0.3087753258484966,0.26716783216783213,-0.041607493680664465,dingo
n02115913,0.23166615273923327,0.13588652482269498,-0.0957796279165383,dhole
n02116738,0.1783111111111111,0.08970884353741496,-0.08860226757369613,African_hunting_dog
n02117135,0.2404645903998355,0.1603237742830712,-0.0801408161167643,hyena
n02120079,0.2838095238095238,0.203114777826024,-0.0806947459834998,Arctic_fox
n02120505,0.24876244665718353,0.1789521100047416,-0.06981033665244193,grey_fox
n02123394,0.2664734299516908,0.2104347826086957,-0.05603864734299513,Persian_cat
n02123597,0.15968479117415282,0.09908730158730156,-0.060597489586851266,Siamese_cat
n02125311,0.28132387706855794,0.23375886524822692,-0.047565011820331016,cougar
n02127052,0.29734155207839424,0.2168421052631579,-0.08049944681523635,lynx
n02128385,0.33741755267538887,0.21542635658914727,-0.1219911960862416,leopard
n02128757,0.26124851350383266,0.16800000000000004,-0.09324851350383262,snow_leopard
n02128925,0.3404503506829089,0.2020393559928444,-0.13841099469006451,jaguar
n02129165,0.2677333333333333,0.13431292517006804,-0.13342040816326528,lion
n02129604,0.23551221434200156,0.10743203309692669,-0.12808018124507486,tiger
n02130308,0.2338888888888888,0.1400708616780045,-0.09381802721088431,cheetah
n02132136,0.2434541062801933,0.1311470860314523,-0.11230702024874098,brown_bear
n02133161,0.31261383492650846,0.2252037037037037,-0.08741013122280475,American_black_bear
n02134084,0.3437785657998424,0.2576203703703704,-0.086158195429472,ice_bear
n02134418,0.2448304093567252,0.1462185262185262,-0.09861188313819899,sloth_bear
n02137549,0.40530894308943094,0.37707091707091706,-0.028238026018513884,mongoose
n02138441,0.2703214901611448,0.18076485788113694,-0.08955663228000788,meerkat
n02165105,0.20699763593380607,0.1286524822695035,-0.07834515366430259,tiger_beetle
n02165456,0.20505687463596808,0.13020289855072464,-0.07485397608524344,ladybug
n02167151,0.27735049335049333,0.22174880763116062,-0.055601685719332716,ground_beetle
n02168699,0.40785764622973925,0.3206078203639179,-0.08724982586582136,long-horned_beetle
n02172182,0.3233429951690822,0.28964868876793665,-0.03369430640114557,dung_beetle
n02174001,0.3269306540583136,0.2599148936170213,-0.06701576044129232,rhinoceros_beetle
n02177972,0.3202836879432624,0.2460933977455717,-0.07419029019769069,weevil
n02190166,0.36113020384725814,0.269460458240946,-0.09166974560631214,fly
n02206856,0.34685249709639954,0.2621268137547207,-0.08472568334167885,bee
n02219486,0.27326118326118326,0.21621553884711783,-0.05704564441406543,ant
n02226429,0.3481600316894435,0.33307017543859646,-0.015089856250847022,grasshopper
n02231487,0.4304628654259965,0.3024285714285714,-0.1280342939974251,walking_stick
n02233338,0.39336585365853655,0.3394023291584267,-0.05396352450010983,cockroach
n02236044,0.4549382716049382,0.37358775591333737,-0.08135051569160084,mantis
n02256656,0.37680147472700654,0.31064058956916096,-0.06616088515784557,cicada
n02259212,0.23028234031132588,0.1363768115942029,-0.09390552871712299,leafhopper
n02264363,0.23037037037037034,0.17689922480620152,-0.05347114556416882,lacewing
n02268443,0.3581712361712362,0.2581988742964353,-0.09997236187480091,dragonfly
n02268853,0.265578231292517,0.18305555555555553,-0.08252267573696148,damselfly
n02276258,0.20497777777777781,0.1276,-0.07737777777777782,admiral
n02277742,0.23146424792139073,0.1743971631205674,-0.057067084800823314,ringlet
n02279972,0.16766745468873126,0.0914915458937198,-0.07617590879501146,monarch
n02280649,0.19944444444444442,0.14798167848699761,-0.05146276595744681,cabbage_butterfly
n02281406,0.18795508274231676,0.10898049645390068,-0.07897458628841608,sulphur_butterfly
n02281787,0.2554686318972033,0.11228884590586713,-0.14317978599133618,lycaenid
n02317335,0.18266541455255614,0.14950080515297914,-0.033164609399576994,starfish
n02319095,0.32704697296741697,0.22396825396825398,-0.10307871899916299,sea_urchin
n02321529,0.3736596191333034,0.3206134706134706,-0.0530461485198328,sea_cucumber
n02325366,0.2618404558404559,0.1600000000000001,-0.10184045584045581,wood_rabbit
n02326432,0.2081432144447871,0.13534751773049641,-0.07279569671429068,hare
n02328150,0.32053333333333334,0.2238010204081632,-0.09673231292517015,Angora
n02342885,0.21031111111111112,0.1358666666666667,-0.07444444444444442,hamster
n02346627,0.34588001507520466,0.25300911854103336,-0.0928708965341713,porcupine
n02356798,0.355100215849522,0.28805568739123555,-0.06704452845828646,fox_squirrel
n02361337,0.3352939629958264,0.24685263987391642,-0.08844132312191,marmot
n02363005,0.341127707401105,0.23733986128110976,-0.10378784611999523,beaver
n02364673,0.32455218855218854,0.278537037037037,-0.04601515151515151,guinea_pig
n02389026,0.2134240362811791,0.11160430839002264,-0.10181972789115645,sorrel
n02391049,0.16148148148148142,0.10704787234042548,-0.05443360914105594,zebra
n02396427,0.3258265749280242,0.23205630354957157,-0.09377027137845262,wild_boar
n02397096,0.3575925925925925,0.2961388888888889,-0.06145370370370362,warthog
n02398521,0.35923990929705213,0.27442755825734544,-0.08481235103970669,hippopotamus
n02408429,0.38264569842738205,0.29116938809170373,-0.09147631033567832,water_buffalo
n02410509,0.27534884485195044,0.1513236714975846,-0.12402517335436583,bison
n02417914,0.2436281179138322,0.15881501182033092,-0.08481310609350129,ibex
n02422106,0.15627526372867986,0.1041829497756549,-0.052092313953024966,hartebeest
n02422699,0.2717061456376905,0.22668316015174,-0.04502298548595052,impala
n02423022,0.27682261208576997,0.15279914529914534,-0.12402346678662463,gazelle
n02437312,0.2960018140589569,0.21438888888888882,-0.0816129251700681,Arabian_camel
n02437616,0.3571609389978625,0.25101449275362314,-0.10614644624423936,llama
n02442845,0.43864254952627046,0.34689578713968955,-0.09174676238658092,mink
n02444819,0.43843816310914674,0.295063492063492,-0.1433746710456547,otter
n02445715,0.23270094562647756,0.13035714285714284,-0.10234380276933472,skunk
n02447366,0.24111728395061727,0.18291666666666667,-0.058200617283950595,badger
n02454379,0.2829710144927536,0.22373522458628833,-0.05923578990646525,armadillo
n02457408,0.3830222222222222,0.3035631205673759,-0.07945910165484632,three-toed_sloth
n02480495,0.2763998916080322,0.16098975571315993,-0.11541013589487226,orangutan
n02480855,0.2584992784992785,0.17761769710720357,-0.08088158139207494,gorilla
n02481823,0.3143981909754343,0.2443443839683325,-0.07005380700710181,chimpanzee
n02483362,0.251901316598991,0.12290598290598295,-0.12899533369300806,gibbon
n02483708,0.30525146198830416,0.2857619345424223,-0.019489527445881838,siamang
n02484975,0.4039640852974187,0.2983897110641297,-0.10557437423328897,guenon
n02486410,0.35728285167494894,0.29571076164045634,-0.0615720900344926,baboon
n02487347,0.38181874112106673,0.25925505766685564,-0.12256368345421109,macaque
n02488291,0.3107272220956432,0.23223228803716606,-0.07849493405847713,langur
n02488702,0.28946859903381644,0.1624570273003033,-0.12701157173351313,colobus
n02489166,0.20764444444444444,0.08666666666666667,-0.12097777777777777,proboscis_monkey
n02490219,0.31360795150268833,0.23989473684210527,-0.07371321466058306,marmoset
n02492035,0.32134596612115995,0.2101021846370684,-0.11124378148409156,capuchin
n02492660,0.32821256038647345,0.20489993098688747,-0.12331262939958598,howler_monkey
n02494079,0.14643874643874644,0.1257063492063492,-0.020732397232397226,squirrel_monkey
n02500267,0.30501593175043684,0.19950650118203306,-0.10550943056840378,indri
n02509815,0.15101654846335688,0.04737588652482268,-0.1036406619385342,lesser_panda
n02510455,0.22046296296296294,0.14651077097505666,-0.07395219198790629,giant_panda
n02514041,0.34443504815597836,0.19834688346883464,-0.14608816468714372,barracouta
n02526121,0.42222100643153276,0.3903148148148148,-0.03190619161671798,eel
n02536864,0.40594444444444444,0.3397097146627082,-0.06623472978173622,coho
n02606052,0.15330498866213152,0.03957446808510634,-0.11373052057702518,rock_beauty
n02607072,0.34356776989755716,0.20406914893617017,-0.139498620961387,anemone_fish
n02640242,0.4155524034672971,0.3450292397660819,-0.0705231637012152,sturgeon
n02641379,0.39832355367031935,0.33962566844919795,-0.058697885221121404,gar
n02643566,0.2572392290249433,0.1794444444444444,-0.07779478458049888,lionfish
n02655020,0.42534073388837496,0.34485099052540913,-0.08048974336296583,puffer
n02666196,0.31534883720930235,0.21130781499202553,-0.10404102221727682,abacus
n02667093,0.37171403962101635,0.3020954223081883,-0.06961861731282804,abaya
n02672831,0.32971658615136873,0.25198919284025667,-0.07772739331111206,accordion
n02687172,0.3830407622322516,0.28,-0.10304076223225156,aircraft_carrier
n02690373,0.2714893617021277,0.17925025329280642,-0.09223910840932126,airliner
n02692877,0.3336796645928806,0.25480769230769235,-0.07887197228518827,airship
n02699494,0.38936619546375645,0.2844684684684685,-0.10489772699528793,altar
n02701002,0.21195011337868475,0.10174838112858464,-0.1102017322501001,ambulance
n02727426,0.4182464795970809,0.29569696969696974,-0.12254950990011115,apiary
n02730930,0.46765974765974766,0.4135,-0.05415974765974768,apron
n02777292,0.39660446523800563,0.24619796484736356,-0.15040650039064207,balance_beam
n02782093,0.22399479220200777,0.21572926302806045,-0.008265529173947322,balloon
n02786058,0.4271850991525788,0.3047869674185464,-0.12239813173403241,Band_Aid
n02787622,0.26153381642512075,0.1745281803542673,-0.08700563607085346,banjo
n02788148,0.3801746031746032,0.3465813008130081,-0.033593302361595134,bannister
n02791124,0.32553762095428757,0.24243500643500637,-0.08310261451928119,barber_chair
n02793495,0.1780432098765432,0.1199468085106383,-0.05809640136590491,barn
n02794156,0.27696020488573675,0.21304737295434972,-0.06391283193138703,barometer
n02797295,0.4045858585858586,0.3158466898954704,-0.08873916869038823,barrow
n02799071,0.3000259219983504,0.17362664990571966,-0.12639927209263072,baseball
n02802426,0.3350945626477541,0.21355555555555555,-0.12153900709219856,basketball
n02804414,0.48607046070460697,0.35506006006006,-0.13101040064454694,bassinet
n02804610,0.33844219977553314,0.25835421888053467,-0.08008798089499847,bassoon
n02807133,0.3760412541807891,0.252991452991453,-0.12304980118933612,bathing_cap
n02814860,0.2399157051788631,0.23240350877192983,-0.007512196406933264,beacon
n02817516,0.22829083642913428,0.11074275362318839,-0.11754808280594589,bearskin
n02823428,0.3161084529505582,0.2984126984126984,-0.01769575453785982,beer_bottle
n02823750,0.4019980290711998,0.30307124400147656,-0.09892678506972324,beer_glass
n02825657,0.3947682579389897,0.3355476529160739,-0.05922060502291576,bell_cote
n02834397,0.31427791427791435,0.2895123177476119,-0.02476559653030247,bib
n02835271,0.32622222222222225,0.20689570119802675,-0.1193265210241955,bicycle-built-for-two
n02841315,0.38176011925237935,0.34902685390490273,-0.032733265347476614,binoculars
n02843684,0.26253824164575773,0.18848578811369512,-0.0740524535320626,birdhouse
n02859443,0.43591128678085206,0.32728682170542633,-0.10862446507542572,boathouse
n02860847,0.3658333333333333,0.2660144927536232,-0.09981884057971008,bobsled
n02865351,0.25171401962891327,0.1667036215816703,-0.08501039804724297,bolo_tie
n02869837,0.4411780421536518,0.3199462365591398,-0.12123180559451202,bonnet
n02877765,0.37094017094017095,0.26058760683760684,-0.11035256410256411,bottlecap
n02879718,0.3776674057649667,0.2977734877734878,-0.07989391799147894,bow
n02883205,0.2930293134944298,0.2985717424741815,0.005542428979751712,bow_tie
n02892201,0.32487247176254264,0.31078014184397157,-0.014092329918571067,brass
n02906734,0.40773504273504274,0.3512354312354313,-0.05649961149961147,broom
n02917067,0.2848691215616681,0.19499444444444441,-0.08987467711722369,bullet_train
n02927161,0.4591304347826087,0.3513116123642439,-0.10781882241836477,butcher_shop
n02930766,0.2394869710235564,0.16119658119658123,-0.07829038982697517,cab
n02950826,0.39747065474355026,0.327108518911276,-0.07036213583227424,cannon
n02951358,0.3743183673469388,0.2504353741496599,-0.12388299319727891,canoe
n02951585,0.37738001867413634,0.35154166666666664,-0.0258383520074697,can_opener
n02963159,0.4071823361823362,0.3155786555786556,-0.09160368060368057,cardigan
n02965783,0.15117981749865808,0.08902777777777775,-0.062152039720880334,car_mirror
n02966193,0.3129109599395314,0.21407346938775507,-0.09883749055177632,carousel
n02966687,0.4452524411446106,0.3711621621621622,-0.07409027898244841,carpenter's_kit
n02977058,0.4327740192623914,0.3633439153439153,-0.0694301039184761,cash_machine
n02980441,0.32338672433666016,0.24766424961546907,-0.07572247472119109,castle
n02981792,0.3984152046783626,0.3183580746738641,-0.08005713000449849,catamaran
n02992211,0.34580121286874294,0.20727272727272722,-0.13852848559601572,cello
n02992529,0.3940314780070879,0.34954954954954953,-0.044481928457538344,cellular_telephone
n03000134,0.3731043935921985,0.2954561878952123,-0.07764820569698622,chainlink_fence
n03000247,0.3141843381843383,0.2838392238392239,-0.030345114345114388,chain_mail
n03000684,0.34260861678004534,0.25925,-0.08335861678004536,chain_saw
n03014705,0.45811439167023243,0.3994736842105263,-0.05864070745970612,chest
n03017168,0.3833561631807246,0.3119776714513557,-0.07137849172936889,chime
n03018349,0.3536296296296297,0.27372797744890764,-0.07990165218072204,china_cabinet
n03026506,0.20377173091458803,0.1382685185185185,-0.06550321239606952,Christmas_stocking
n03042490,0.4354255319148936,0.3069907407407407,-0.1284347911741529,cliff_dwelling
n03047690,0.43229014844804325,0.3331746031746032,-0.09911554527344008,clog
n03065424,0.28004938271604946,0.2994594594594594,0.019410076743409943,coil
n03075370,0.34320413436692504,0.3082057416267943,-0.034998392740130724,combination_lock
n03085013,0.33905136715663037,0.24516290726817047,-0.0938884598884599,computer_keyboard
n03095699,0.33049739610100387,0.19048309178743966,-0.1400143043135642,container_ship
n03100240,0.3990596693897747,0.3295555555555556,-0.06950411383421912,convertible
n03109150,0.3241233254531127,0.2993019816622301,-0.024821343790882577,corkscrew
n03124043,0.3517777777777778,0.306002442002442,-0.045775335775335824,cowboy_boot
n03126707,0.32086821705426355,0.24314363143631434,-0.0777245856179492,crane
n03127747,0.30298497618802894,0.23305555555555557,-0.06992942063247337,crash_helmet
n03131574,0.43540108401084004,0.3188660676080445,-0.11653501640279557,crib
n03133878,0.4366474266474267,0.31830252434903594,-0.11834490229839073,Crock_Pot
n03134739,0.3371296296296296,0.1978333333333334,-0.13929629629629622,croquet_ball
n03160309,0.37468840417791066,0.3228512006050293,-0.05183720357288135,dam
n03187595,0.32982804232804236,0.23496296296296304,-0.09486507936507932,dial_telephone
n03188531,0.48596553696553696,0.4156330014224751,-0.07033253554306185,diaper
n03201208,0.36590379990379995,0.29096124031007753,-0.07494255959372242,dining_table
n03207743,0.38145370655885613,0.35433637284701114,-0.027117333711844993,dishrag
n03208938,0.3852831740158289,0.3037499999999999,-0.08153317401582899,disk_brake
n03218198,0.15937459703417153,0.09698877068557914,-0.062385826348592396,dogsled
n03220513,0.27832915622389304,0.25481196581196586,-0.02351719041192718,dome
n03240683,0.27744507257797424,0.15216380182002026,-0.12528127075795398,drilling_platform
n03259280,0.4397526484355753,0.35947368421052633,-0.08027896422504899,Dutch_oven
n03271574,0.2884938271604938,0.24647286821705428,-0.042020958943439546,electric_fan
n03272010,0.3885507807459026,0.29064285714285715,-0.09790792360304545,electric_guitar
n03272562,0.31996180204471414,0.2423607085346216,-0.07760109351009253,electric_locomotive
n03290653,0.27110494398190976,0.17330917874396135,-0.09779576523794842,entertainment_center
n03297495,0.42429610611895585,0.30139253700229307,-0.12290356911666278,espresso_maker
n03314780,0.36100792382131014,0.2463414634146341,-0.11466646040667605,face_powder
n03325584,0.3624502164502165,0.24968253968253967,-0.11276767676767685,feather_boa
n03337140,0.4165402405180389,0.3261169837914024,-0.09042325672663648,file
n03344393,0.3188934240362812,0.20949719018042,-0.10939623385586117,fireboat
n03345487,0.28718816067653274,0.2267833156592435,-0.06040484501728924,fire_engine
n03355925,0.29703523035230356,0.23341671878257245,-0.06361851156973111,flagpole
n03376595,0.40021693121693125,0.2940175438596492,-0.10619938735728207,folding_chair
n03379051,0.3163888888888889,0.16499999999999998,-0.1513888888888889,football_helmet
n03384352,0.32095145098845373,0.2125185185185185,-0.10843293246993524,forklift
n03388043,0.3025080328053028,0.2461717171717172,-0.0563363156335856,fountain
n03388183,0.38628878153515833,0.35695754290876247,-0.02933123862639586,fountain_pen
n03388549,0.37637438989376976,0.300341384863124,-0.07603300503064575,four-poster
n03393912,0.2382730158730159,0.1325277777777778,-0.10574523809523809,freight_car
n03394916,0.3162962962962963,0.2861419200954084,-0.0301543762008879,French_horn
n03404251,0.4536430260047281,0.36464216634429397,-0.08900085966043414,fur_coat
n03417042,0.29360544217687073,0.2176950354609929,-0.07591040671587784,garbage_truck
n03424325,0.3161346801346801,0.2501626016260162,-0.06597207850866388,gasmask
n03425413,0.4140010735373054,0.3546414499605989,-0.059359623576706544,gas_pump
n03444034,0.2889814814814815,0.19346938775510203,-0.09551209372637948,go-kart
n03445777,0.3014718881693905,0.24559343434343434,-0.05587845382595619,golf_ball
n03445924,0.3506948993242907,0.27323188405797105,-0.07746301526631966,golfcart
n03447447,0.24065759637188208,0.11810657596371882,-0.12255102040816326,gondola
n03447721,0.16846763723451183,0.13113612674588282,-0.03733151048862901,gong
n03452741,0.2992099792099792,0.25078378378378385,-0.04842619542619536,grand_piano
n03457902,0.37956602909024256,0.3715945165945166,-0.007971512495725974,greenhouse
n03459775,0.38713960113960116,0.305982905982906,-0.08115669515669516,grille
n03467068,0.3004286154794943,0.24874207188160674,-0.051686543597887546,guillotine
n03478589,0.3237182157492235,0.22825951825951823,-0.09545869748970526,half_track
n03482405,0.45093811760478425,0.3716911196911197,-0.07924699791366457,hamper
n03485794,0.38480423280423276,0.34805662805662807,-0.03674760474760469,handkerchief
n03492542,0.3870782017293645,0.32994444444444443,-0.057133757284920095,hard_disc
n03494278,0.3663528138528139,0.2623378378378379,-0.104014976014976,harmonica
n03495258,0.24607898715041573,0.20723429951690822,-0.03884468763350751,harp
n03496892,0.4083284524834912,0.32975772765246447,-0.07857072483102673,harvester
n03527444,0.4305441757547021,0.4063877642825011,-0.02415641147220099,holster
n03530642,0.3325066242713302,0.2948148148148148,-0.0376918094565154,honeycomb
n03534580,0.3410381488430269,0.2541303258145363,-0.0869078230284906,hoopskirt
n03535780,0.3906277856804173,0.2965176151761517,-0.09411017050426557,horizontal_bar
n03538406,0.3933333333333333,0.28861973775017247,-0.10471359558316085,horse_cart
n03544143,0.18848072562358276,0.10779273411492252,-0.08068799150866024,hourglass
n03584254,0.296678531345198,0.26167055167055175,-0.03500797967464625,iPod
n03584829,0.3490137265345406,0.2625716211661611,-0.08644210536837948,iron
n03590841,0.1382879818594104,0.06097222222222222,-0.07731575963718819,jack-o'-lantern
n03594945,0.30089331856773716,0.24771317829457368,-0.05318014027316348,jeep
n03595614,0.3234108527131783,0.18587867417135712,-0.1375321785418212,jersey
n03598930,0.4125833418987906,0.3404995374653099,-0.07208380443348067,jigsaw_puzzle
n03599486,0.2522931442080378,0.1642553191489361,-0.08803782505910168,jinrikisha
n03602883,0.34548148148148144,0.2425552825552826,-0.10292619892619884,joystick
n03617480,0.3540044893378227,0.2807724867724868,-0.07323200256533591,kimono
n03623198,0.3167814001506571,0.1801566951566952,-0.1366247049939619,knee_pad
n03627232,0.3373490460157127,0.2603682170542635,-0.0769808289614492,knot
n03630383,0.4101120098865296,0.29024796747967474,-0.11986404240685489,lab_coat
n03649909,0.3187980036774363,0.23729176975094834,-0.08150623392648798,lawn_mower
n03662601,0.21797675334909372,0.10161347517730496,-0.11636327817178876,lifeboat
n03670208,0.2801306372038079,0.2189371980676329,-0.061193439136174976,limousine
n03673027,0.32019753086419755,0.25818035426731084,-0.062017176596886714,liner
n03676483,0.2746959064327485,0.21970731707317068,-0.054988589359577816,lipstick
n03680355,0.37002070393374736,0.3458969404186796,-0.024123763515067786,Loafer
n03697007,0.47463787674314,0.38080551139374674,-0.09383236534939327,lumbermill
n03706229,0.3406381316754344,0.24168326220957792,-0.09895486946585647,magnetic_compass
n03710193,0.31082807402187246,0.2702356902356903,-0.040592383786182185,mailbox
n03717622,0.3313360544217687,0.3256944444444444,-0.0056416099773243245,manhole_cover
n03720891,0.19263207163207166,0.1975616631430585,0.004929591510986847,maraca
n03721384,0.32733950617283947,0.21259920634920632,-0.11474029982363315,marimba
n03729826,0.3736585365853658,0.2966441441441441,-0.07701439244122171,matchstick
n03733131,0.18985941043083898,0.1004652482269503,-0.08939416220388868,maypole
n03733281,0.1936829997699563,0.1247979797979798,-0.06888501997197649,maze
n03733805,0.4746813764118729,0.37191810773206124,-0.10276326867981167,measuring_cup
n03743016,0.42733066091067945,0.34925757575757577,-0.07807308515310368,megalith
n03763968,0.4422852501624432,0.34617543859649125,-0.09610981156595194,military_uniform
n03769881,0.2899168657648521,0.2536985236985237,-0.0362183420663284,minibus
n03775071,0.31370086389341845,0.27664285714285713,-0.03705800675056131,mitten
n03775546,0.3602692831017738,0.23044444444444442,-0.12982483865732938,mixing_bowl
n03777568,0.2778009761824351,0.1997101449275362,-0.07809083125489891,Model_T
n03785016,0.37360429693763025,0.27764957264957263,-0.09595472428805762,moped
n03786901,0.350977392977393,0.32791843971631207,-0.023058953261080928,mortar
n03788195,0.2731257940528457,0.22319444444444447,-0.04993134960840123,mosque
n03788365,0.3990530612244898,0.39444444444444443,-0.0046086167800453715,mosquito_net
n03791053,0.30475217289170775,0.2018604651162791,-0.10289170777542866,motor_scooter
n03792782,0.28384193026363286,0.1611155227831348,-0.12272640748049807,mountain_bike
n03792972,0.3481494329667318,0.22963960052105942,-0.11850983244567237,mountain_tent
n03794056,0.4058196128693023,0.3239033189033189,-0.08191629396598338,mousetrap
n03814906,0.34788547412660886,0.2875126262626263,-0.06037284786398256,necklace
n03825788,0.39808325442299153,0.3372831303063861,-0.0608001241166054,nipple
n03837869,0.25759980759980755,0.22342268842268842,-0.03417711917711913,obelisk
n03840681,0.2880791739436835,0.1943636363636364,-0.09371553758004708,ocarina
n03841143,0.14732615268329552,0.08413333333333334,-0.06319281934996218,odometer
n03843555,0.47356725146198836,0.3941569541569542,-0.07941029730503418,oil_filter
n03854065,0.32098658078368225,0.25211714039621014,-0.06886944038747211,organ
n03857828,0.21214933018124502,0.12278445883441255,-0.08936487134683246,oscilloscope
n03868242,0.3821133319005659,0.24914728682170542,-0.13296604507886048,oxcart
n03873416,0.3597757137942897,0.20497058823529418,-0.1548051255589955,paddle
n03874293,0.2570193467457905,0.16816527906259632,-0.0888540676831942,paddlewheel
n03874599,0.3148884818884819,0.23304388422035477,-0.08184459766812713,padlock
n03876231,0.39836036036036043,0.3006837606837607,-0.09767659967659975,paintbrush
n03877472,0.4635866602533269,0.38442342342342345,-0.07916323682990345,pajama
n03877845,0.34419362046813023,0.29626422764227645,-0.04792939282585379,palace
n03884397,0.32015254196814485,0.23143532590341093,-0.08871721606473393,panpipe
n03888257,0.10341080876795161,0.07503546099290775,-0.028375347775043858,parachute
n03888605,0.35315661103979457,0.26490257699560027,-0.0882540340441943,parallel_bars
n03891251,0.4011951914390938,0.2982017543859649,-0.10299343705312891,park_bench
n03891332,0.3548502758077226,0.27423167848699764,-0.08061859732072496,parking_meter
n03902125,0.37599636404489795,0.28132598939208486,-0.09467037465281308,pay-phone
n03908618,0.5094214515267147,0.4377777777777778,-0.07164367374893688,pencil_box
n03916031,0.4527461227461227,0.38578497525865946,-0.06696114748746324,perfume
n03920288,0.36457401889252683,0.3500717360114778,-0.014502282881049045,Petri_dish
n03924679,0.3755217831813576,0.25749999999999995,-0.11802178318135764,photocopier
n03929660,0.20012229865888398,0.1422105031861129,-0.05791179547277109,pick
n03929855,0.38431152133931484,0.31030440536963505,-0.0740071159696798,pickelhaube
n03930313,0.26858585858585854,0.1682188552188552,-0.10036700336700333,picket_fence
n03930630,0.38147238466536715,0.29999999999999993,-0.08147238466536721,pickup
n03935335,0.3593724089491897,0.2946316425120773,-0.06474076643711241,piggy_bank
n03937543,0.37765432098765433,0.23652439024390248,-0.14112993074375185,pill_bottle
n03938244,0.49125404493520436,0.4061899224806202,-0.08506412245458417,pillow
n03942813,0.34808572724884784,0.1542054693274205,-0.19388025792142735,ping-pong_ball
n03944341,0.2748431836091411,0.21703739522888454,-0.05780578838025657,pinwheel
n03947888,0.24920463552042493,0.2099035734543392,-0.039301062066085746,pirate
n03954731,0.36985104669887275,0.29658937198067636,-0.07326167471819639,plane
n03956157,0.2339952718676123,0.17990749306197962,-0.054087778805632675,planetarium
n03967562,0.4222222222222222,0.35390650406504065,-0.06831571815718157,plow
n03976467,0.3163873508059554,0.27053229974160203,-0.04585505106435339,Polaroid_camera
n03977966,0.2774512726410266,0.15516666666666673,-0.12228460597435986,police_van
n03980874,0.2551703120124173,0.22558558558558559,-0.029584726426831714,poncho
n03982430,0.3453985740849756,0.19663633299629263,-0.14876224108868297,pool_table
n03991062,0.3437632135306554,0.2308513708513708,-0.11291184267928461,pot
n03992509,0.33577475434618287,0.2439351851851852,-0.09183956916099767,potter's_wheel
n03998194,0.23488622457043506,0.23730759330759332,0.002421368737158258,prayer_rug
n04009552,0.40720489720489716,0.31686274509803924,-0.09034215210685792,projector
n04019541,0.2374259944495837,0.17673758865248224,-0.06068840579710147,puck
n04033901,0.42306915306915305,0.37051248923341945,-0.0525566638357336,quill
n04033995,0.5007135594978732,0.44166666666666665,-0.059046892831206566,quilt
n04037443,0.32097020097020096,0.26153429226599956,-0.0594359087042014,racer
n04039381,0.37622739018087853,0.2653333333333334,-0.11089405684754511,racket
n04040759,0.39832022351171287,0.2954822954822955,-0.10283792802941738,radiator
n04044716,0.24709810874704488,0.20280851063829783,-0.04428959810874705,radio_telescope
n04049303,0.41741836974395113,0.3452195121951219,-0.07219885754882921,rain_barrel
n04065272,0.3334411181837917,0.2767460317460317,-0.05669508643776,recreational_vehicle
n04067472,0.5230223254613499,0.3999145299145299,-0.12310779554681994,reel
n04069434,0.4082616234629848,0.33434552845528454,-0.07391609500770024,reflex_camera
n04070727,0.4758680940076288,0.3304302325581395,-0.14543786144948928,refrigerator
n04074963,0.38812011588755774,0.28518389469608985,-0.10293622119146789,remote_control
n04086273,0.19056223661219038,0.1481818181818182,-0.042380418430372185,revolver
n04099969,0.39573789173789176,0.29646153846153844,-0.09927635327635331,rocking_chair
n04111531,0.30631529767963883,0.22902396053558843,-0.0772913371440504,rotisserie
n04118538,0.4106194748430773,0.26153457653457657,-0.14908489830850075,rugby_ball
n04118776,0.3455507060333762,0.3154385964912281,-0.030112109542148102,rule
n04120489,0.38737822671156,0.32611904761904764,-0.061259179092512384,running_shoe
n04125021,0.39203276669130327,0.2968939393939394,-0.09513882729736389,safe
n04127249,0.3937830687830688,0.37252525252525254,-0.021257816257816253,safety_pin
n04133789,0.5193980887177293,0.38739215686274514,-0.13200593185498416,sandal
n04136333,0.47138392991024564,0.43506766917293227,-0.036316260737313366,sarong
n04141076,0.31565107212475635,0.24392876129718238,-0.07172231082757397,sax
n04141327,0.41264102822242354,0.3398406546080964,-0.07280037361432712,scabbard
n04141975,0.4914182475158085,0.4616924664602683,-0.02972578105554019,scale
n04146614,0.20686761229314418,0.09968056787932564,-0.10718704441381854,school_bus
n04147183,0.2579553435367388,0.17203252032520322,-0.0859228232115356,schooner
n04149813,0.3413888888888889,0.2446716003700277,-0.09671728851886122,scoreboard
n04153751,0.2077039610170309,0.13833937198067633,-0.06936458903635456,screw
n04162706,0.45082515073212753,0.35960869565217396,-0.09121645507995357,seat_belt
n04179913,0.4602516041877744,0.3698104793756968,-0.09044112481207761,sewing_machine
n04200800,0.49850241545893725,0.39581124072110285,-0.1026911747378344,shoe_shop
n04201297,0.28084126984126984,0.22929785661492974,-0.051543413226340096,shoji
n04204347,0.34708672086720865,0.30866923406076163,-0.03841748680644702,shopping_cart
n04208210,0.4788654970760234,0.4470853206147324,-0.031780176461291,shovel
n04209133,0.3540814568721545,0.29923944400734326,-0.05484201286481122,shower_cap
n04209239,0.3956167932638521,0.366724960254372,-0.02889183300948006,shower_curtain
n04228054,0.2821941765929287,0.18526029526029525,-0.09693388133263348,ski
n04229816,0.28471604938271605,0.21056628056628054,-0.07414976881643551,ski_mask
n04235860,0.45252051697872137,0.4212899896800826,-0.03123052729863879,sleeping_bag
n04238763,0.4466950574267647,0.3855840455840456,-0.06111101184271911,slide_rule
n04243546,0.3103420256991685,0.18556146572104015,-0.12478055997812837,slot
n04251144,0.3188502811684169,0.23573781291172596,-0.08311246825669094,snorkel
n04252077,0.2503533635676493,0.1619416099773242,-0.0884117535903251,snowmobile
n04252225,0.2559358618563059,0.1645137903861308,-0.09142207147017511,snowplow
n04254680,0.22954986249819073,0.16061868686868686,-0.06893117562950388,soccer_ball
n04258138,0.34781927677862634,0.31358110723964383,-0.03423816953898251,solar_dish
n04266014,0.2917444235377366,0.1905544809800129,-0.1011899425577237,space_shuttle
n04273569,0.301778356732764,0.18576266061980345,-0.11601569611296053,speedboat
n04275548,0.36338338338338333,0.3306530214424951,-0.03273036194088824,spider_web
n04277352,0.3922757369614513,0.37377068557919624,-0.018505051382255056,spindle
n04296562,0.5146198830409356,0.42729044834307994,-0.0873294346978557,stage
n04310018,0.34431746031746036,0.30455498866213154,-0.03976247165532881,steam_locomotive
n04311004,0.2762171286303263,0.16876830318690783,-0.1074488254434185,steel_arch_bridge
n04311174,0.3323055698313176,0.24087681159420293,-0.09142875823711466,steel_drum
n04326547,0.4503333333333334,0.3573237356958287,-0.09300959763750472,stone_wall
n04335435,0.3071347289318304,0.22410702772404895,-0.08302770120778147,streetcar
n04336792,0.44643883277216606,0.41182829888712236,-0.034610533885043704,stretcher
n04344873,0.3685238095238095,0.27105691056910564,-0.09746689895470384,studio_couch
n04346328,0.2136506435513527,0.18110323089046498,-0.0325474126608877,stupa
n04347754,0.4036233417682693,0.32405025868440496,-0.07957308308386435,submarine
n04355338,0.4788073299780617,0.4589566310496543,-0.019850698928407406,sundial
n04367480,0.4122850729517396,0.37622529644268776,-0.036059776509051844,swab
n04371430,0.3714556661925083,0.2646084656084655,-0.10684720058404279,swimming_trunks
n04371774,0.35848689767541814,0.2756060606060606,-0.08288083706935756,swing
n04389033,0.39034959349593495,0.3087619047619048,-0.08158768873403016,tank
n04398044,0.3259741602067183,0.2976969696969697,-0.02827719050974864,teapot
n04399382,0.30036812570145904,0.24232076866223204,-0.058047357039227004,teddy
n04409515,0.2186781510192363,0.10651162790697674,-0.11216652311225955,tennis_ball
n04417672,0.3582299882367721,0.32230417651694243,-0.03592581171982967,thatch
n04418357,0.24817528163332003,0.17348148148148146,-0.07469380015183857,theater_curtain
n04423845,0.3641084888581679,0.29160839160839164,-0.07250009724977624,thimble
n04429376,0.34376023391812865,0.2700770218228498,-0.07368321209527884,throne
n04435653,0.3832560032560033,0.3409505941213258,-0.04230540913467751,tile_roof
n04442312,0.4196429512218986,0.3296224796224796,-0.090020471599419,toaster
n04456115,0.37004884004884003,0.23111560953666216,-0.13893323051217787,torch
n04458633,0.312286470143613,0.22445883441258097,-0.08782763573103203,totem_pole
n04461696,0.41916285516285523,0.37565656565656563,-0.0435062895062896,tow_truck
n04465501,0.34104777241009127,0.24491208167895628,-0.09613569073113498,tractor
n04467665,0.3514621578099839,0.25465468639887245,-0.09680747141111146,trailer_truck
n04482393,0.3628215488215489,0.2693628593628594,-0.09345868945868946,tricycle
n04483307,0.31544444444444447,0.2437728937728938,-0.07167155067155068,trimaran
n04485082,0.3135308983319253,0.3089133089133089,-0.004617589418616397,tripod
n04486054,0.22834121355397943,0.15259944495837188,-0.07574176859560755,triumphal_arch
n04487081,0.2743800453514739,0.20814492753623187,-0.06623511781524205,trolleybus
n04501370,0.4088255683449482,0.31883312933496527,-0.08999243900998294,turnstile
n04505470,0.2632193732193732,0.22689724310776938,-0.036322130111603845,typewriter_keyboard
n04509417,0.3651943869335174,0.270593849416755,-0.0946005375167624,unicycle
n04515003,0.2686925064599483,0.151459135643988,-0.1172333708159603,upright
n04517823,0.42765690812202445,0.3982615629984051,-0.029395345123619354,vacuum
n04523525,0.3238095238095238,0.27958974358974364,-0.04421978021978018,vault
n04525305,0.30535923527597897,0.20544217687074834,-0.09991705840523063,vending_machine
n04532106,0.429023639023639,0.39775519421860883,-0.03126844480503016,vestment
n04532670,0.27805130671797335,0.18364433811802233,-0.09440696859995101,viaduct
n04536866,0.3857490511149047,0.30307992202729045,-0.08266912908761426,violin
n04540053,0.33848707482993196,0.23794030732860513,-0.10054676750132682,volleyball
n04542943,0.41544973544973546,0.35293007293007295,-0.06251966251966251,waffle_iron
n04550184,0.4568119658119658,0.41400000000000003,-0.04281196581196578,wardrobe
n04552348,0.22009783467678204,0.19812601626016263,-0.02197181841661941,warplane
n04553703,0.37805715693520564,0.30773809523809526,-0.07031906169711039,washbasin
n04554684,0.3935154423526516,0.3685952380952381,-0.024920204257413536,washer
n04562935,0.1510204081632653,0.09631205673758862,-0.05470835142567669,water_tower
n04579432,0.3675317665395184,0.27047173489278753,-0.09706003164673088,whistle
n04584207,0.30706846240179575,0.28984833164812945,-0.017220130753666296,wig
n04589890,0.20737026662516855,0.2336402116402116,0.02626994501504304,window_screen
n04597913,0.49813366650575946,0.47281313131313135,-0.025320535192628113,wooden_spoon
n04604644,0.3222887989203778,0.2222222222222223,-0.10006657669815552,worm_fence
n04606251,0.4256881488333848,0.3351580849141825,-0.09053006391920232,wreck
n04612504,0.3572511291779585,0.21104788999525842,-0.14620323918270006,yawl
n04613696,0.309837037037037,0.21771825396825392,-0.0921187830687831,yurt
n06359193,0.2907183480484392,0.24884897959183672,-0.041869368456602496,web_site
n06596364,0.4628298388247039,0.388015873015873,-0.07481396580883093,comic_book
n06785654,0.3291575327745541,0.21663485330505475,-0.11252267946949937,crossword_puzzle
n06794110,0.27366321787374415,0.18431009957325745,-0.0893531183004867,street_sign
n06874185,0.2644108788139796,0.20970340411189758,-0.05470747470208204,traffic_light
n07565083,0.4016252446950121,0.31016071090943464,-0.09146453378557745,menu
n07583066,0.4684525745257453,0.3285476718403548,-0.13990490268539046,guacamole
n07590611,0.4624636610002464,0.35651626016260163,-0.10594740083764476,hot_pot
n07613480,0.27576751740885475,0.15827718676122926,-0.11749033064762548,trifle
n07615774,0.4687557702630167,0.3838188153310105,-0.0849369549320062,ice_lolly
n07695742,0.3722338366240805,0.23019607843137257,-0.14203775819270792,pretzel
n07697313,0.37512570245489507,0.2512056737588652,-0.12392002869602986,cheeseburger
n07697537,0.39176585466132186,0.282010582010582,-0.10975527265073987,hotdog
n07711569,0.44566912777439094,0.3939881344759394,-0.05168099329845155,mashed_potato
n07714571,0.3177953447518665,0.2845972362655881,-0.03319810848627841,head_cabbage
n07714990,0.27152764358561465,0.1931497584541063,-0.07837788513150834,broccoli
n07715103,0.3842654263884606,0.25201581027667985,-0.13224961611178077,cauliflower
n07716358,0.43479674796747964,0.27351940457203616,-0.16127734339544347,zucchini
n07716906,0.397190438665616,0.3078000743218135,-0.08939036434380249,spaghetti_squash
n07717410,0.36289855072463767,0.2991759053954176,-0.06372264532922006,acorn_squash
n07717556,0.4033306233062331,0.32096073517126145,-0.08236988813497165,butternut_squash
n07718472,0.3804180853774349,0.3341014698909436,-0.0463166154864913,cucumber
n07718747,0.4205837094347733,0.30727946127946126,-0.11330424815531204,artichoke
n07720875,0.298622394154309,0.2380753968253968,-0.06054699732891222,bell_pepper
n07730033,0.16589440504334116,0.06862588652482265,-0.0972685185185185,cardoon
n07742313,0.2070488459473967,0.12424242424242425,-0.08280642170497245,Granny_Smith
n07747607,0.37272003335417964,0.3088400488400488,-0.06387998451413085,orange
n07749582,0.25541734417344175,0.17200000000000007,-0.08341734417344168,lemon
n07753113,0.326979093258163,0.2549259259259259,-0.0720531673322371,fig
n07753275,0.3402777777777777,0.24887449892075236,-0.09140327885702532,pineapple
n07753592,0.392705467372134,0.25669379844961243,-0.1360116689225216,banana
n07754684,0.31724444444444444,0.2261611111111111,-0.09108333333333335,jackfruit
n07760859,0.35194565542529066,0.21873015873015866,-0.133215496695132,custard_apple
n07768694,0.35385342789598107,0.24107537522678535,-0.11277805266919572,pomegranate
n07802026,0.33065063213074314,0.2807123719464145,-0.04993826018432862,hay
n07831146,0.4054904601571268,0.2394590869939707,-0.1660313731631561,carbonara
n07871810,0.53530899320373,0.3730030959752322,-0.16230589722849786,meat_loaf
n07873807,0.378589617101245,0.2770555555555556,-0.10153406154568939,pizza
n07875152,0.43501839501839495,0.3335675675675676,-0.10145082745082734,potpie
n07880968,0.5656916996047431,0.4456694855532065,-0.12002221405153657,burrito
n09229709,0.38148577563070313,0.2536602870813397,-0.12782548854936343,bubble
n09256479,0.3217293447293448,0.2908333333333334,-0.03089601139601139,coral_reef
n09288635,0.33055366591080876,0.20297872340425524,-0.12757494250655352,geyser
n09468604,0.3872410656270305,0.2505755755755756,-0.1366654900514549,valley
n09472597,0.3715897031783557,0.3345185185185185,-0.03707118465983722,volcano
n09835506,0.2748728928263812,0.19404656319290461,-0.0808263296334766,ballplayer
n10148035,0.5159316548539463,0.38392857142857145,-0.13200308342537487,groom
n10565667,0.3200113453374323,0.2423703703703704,-0.0776409749670619,scuba_diver
n11879895,0.07579999999999998,0.08373333333333333,0.007933333333333348,rapeseed
n11939491,0.09859410430839001,0.03387517730496452,-0.06471892700342549,daisy
n12057211,0.11164444444444444,0.03413333333333335,-0.07751111111111109,yellow_lady's_slipper
n12267677,0.3446222222222222,0.2506814814814815,-0.09394074074074071,acorn
n12620546,0.24372607709750568,0.15333333333333332,-0.09039274376417236,hip
n12768682,0.31154104308390024,0.19481904761904761,-0.11672199546485262,buckeye
n12985857,0.2645804988662131,0.14598639455782314,-0.11859410430838996,coral_fungus
n12998815,0.2421494009866103,0.11953488372093024,-0.12261451726568007,agaric
n13037406,0.25248979591836734,0.1352,-0.11728979591836736,gyromitra
n13040303,0.31623344556677896,0.1886363636363636,-0.12759708193041536,stinkhorn
n13044778,0.17982222222222224,0.08959999999999996,-0.09022222222222229,earthstar
n13052670,0.3653977455716586,0.2771987315010571,-0.08819901407060149,hen-of-the-woods
n13054560,0.43911111111111106,0.38370370370370377,-0.055407407407407294,bolete
