wnid,mean_drift,spillover_rate,n_imgs
n01440764,0.41185814142227173,0.1,10
n01443537,0.6384584903717041,0.6,10
n01484850,0.48424863815307617,0.4,10
n01491361,0.3902584910392761,0.1,10
n01494475,0.5329012870788574,0.5,10
n01496331,0.5129675269126892,0.4,10
n01498041,0.6516783237457275,0.4,10
n01514668,0.3438321650028229,0.2,10
n01514859,0.48169583082199097,0.4,10
n01518878,0.4262715280056,0.3,10
n01530575,0.5135381817817688,0.3,10
n01531178,0.31705647706985474,0.2,10
n01532829,0.49071717262268066,0.3,10
n01534433,0.2848356068134308,0.0,10
n01537544,0.20626337826251984,0.0,10
n01558993,0.2874588370323181,0.1,10
n01560419,0.4578758180141449,0.1,10
n01580077,0.2959429621696472,0.1,10
n01582220,0.3857114911079407,0.2,10
n01592084,0.44050198793411255,0.0,10
n01601694,0.5023793578147888,0.4,10
n01608432,0.47128766775131226,0.3,10
n01614925,0.3909728229045868,0.3,10
n01616318,0.5041628479957581,0.6,10
n01622779,0.43393248319625854,0.3,10
n01629819,0.2055174857378006,0.0,10
n01630670,0.5411380529403687,0.3,10
n01631663,0.3000766336917877,0.0,10
n01632458,0.5143354535102844,0.2,10
n01632777,0.5055783987045288,0.4,10
n01641577,0.4713691174983978,0.4,10
n01644373,0.44149407744407654,0.1,10
n01644900,0.6598325967788696,0.7,10
n01664065,0.6975563168525696,0.7,10
n01665541,0.6363865733146667,0.6,10
n01667114,0.5822547078132629,0.5,10
n01667778,0.7057276368141174,0.6,10
n01669191,0.5112412571907043,0.2,10
n01675722,0.6409081816673279,0.4,10
n01677366,0.358165442943573,0.2,10
n01682714,0.505427360534668,0.5,10
n01685808,0.4097716808319092,0.1,10
n01687978,0.5181145668029785,0.4,10
n01688243,0.6211652755737305,0.3,10
n01689811,0.6400928497314453,0.7,10
n01692333,0.5708498358726501,0.3,10
n01693334,0.5187734365463257,0.3,10
n01694178,0.5030222535133362,0.0,10
n01695060,0.540050745010376,0.3,10
n01697457,0.5545498728752136,0.5,10
n01698640,0.6172550320625305,0.5,10
n01704323,0.6093131303787231,0.2,10
n01728572,0.6366077661514282,0.8,10
n01728920,0.633094310760498,0.5,10
n01729322,0.7217968702316284,0.7,10
n01729977,0.5320347547531128,0.3,10
n01734418,0.5168535113334656,0.2,10
n01735189,0.4342380464076996,0.2,10
n01737021,0.6885928511619568,0.8,10
n01739381,0.31833314895629883,0.1,10
n01740131,0.5677474737167358,0.5,10
n01742172,0.5182105898857117,0.7,10
n01744401,0.6984131336212158,0.5,10
n01748264,0.5444414615631104,0.2,10
n01749939,0.6320082545280457,0.8,10
n01751748,0.4678920805454254,0.3,10
n01753488,0.5649049878120422,0.3,10
n01755581,0.6131822466850281,0.5,10
n01756291,0.48377126455307007,0.5,10
n01768244,0.6709147691726685,0.5,10
n01770081,0.6200500130653381,0.5,10
n01770393,0.38708987832069397,0.2,10
n01773157,0.27229198813438416,0.0,10
n01773549,0.5255985260009766,0.4,10
n01773797,0.47652941942214966,0.5,10
n01774384,0.4661184251308441,0.4,10
n01774750,0.3701527714729309,0.2,10
n01775062,0.4304039478302002,0.1,10
n01776313,0.32675090432167053,0.1,10
n01784675,0.5476589202880859,0.4,10
n01795545,0.5208740830421448,0.3,10
n01796340,0.4894881844520569,0.3,10
n01797886,0.4583469033241272,0.2,10
n01798484,0.5400404930114746,0.2,10
n01806143,0.38677042722702026,0.1,10
n01806567,0.3000589609146118,0.1,10
n01807496,0.4566022753715515,0.3,10
n01817953,0.6743435859680176,0.5,10
n01818515,0.23867936432361603,0.0,10
n01819313,0.45543694496154785,0.4,10
n01820546,0.3003843128681183,0.1,10
n01824575,0.3832477331161499,0.3,10
n01828970,0.29601746797561646,0.3,10
n01829413,0.39537057280540466,0.2,10
n01833805,0.3615322709083557,0.1,10
n01843065,0.27140623331069946,0.0,10
n01843383,0.2204725295305252,0.1,10
n01847000,0.46352052688598633,0.2,10
n01855032,0.2890911400318146,0.0,10
n01855672,0.4473789632320404,0.5,10
n01860187,0.3008396625518799,0.1,10
n01871265,0.35226204991340637,0.2,10
n01872401,0.4418732523918152,0.3,10
n01873310,0.6912649273872375,0.5,10
n01877812,0.6860153079032898,0.7,10
n01882714,0.6578581929206848,0.5,10
n01883070,0.7208276987075806,0.5,10
n01910747,0.38537123799324036,0.2,10
n01914609,0.48599547147750854,0.4,10
n01917289,0.481952965259552,0.3,10
n01924916,0.35577720403671265,0.3,10
n01930112,0.4077976644039154,0.2,10
n01943899,0.7153714895248413,0.8,10
n01944390,0.6563290357589722,0.4,10
n01945685,0.6335458755493164,0.7,10
n01950731,0.580272376537323,0.8,10
n01955084,0.49818485975265503,0.5,10
n01968897,0.48572301864624023,0.2,10
n01978287,0.507347583770752,0.2,10
n01978455,0.5990484952926636,0.5,10
n01980166,0.5145600438117981,0.3,10
n01981276,0.5335275530815125,0.5,10
n01983481,0.47992902994155884,0.3,10
n01984695,0.4998520016670227,0.4,10
n01985128,0.5786407589912415,0.8,10
n01986214,0.6592833399772644,0.7,10
n01990800,0.528563380241394,0.5,10
n02002556,0.2877224385738373,0.1,10
n02002724,0.4787404537200928,0.2,10
n02006656,0.3160691559314728,0.1,10
n02007558,0.557497501373291,0.3,10
n02009229,0.47890758514404297,0.4,10
n02009912,0.3453398644924164,0.1,10
n02011460,0.3449471890926361,0.2,10
n02012849,0.48295092582702637,0.4,10
n02013706,0.29066160321235657,0.1,10
n02017213,0.2639707922935486,0.0,10
n02018207,0.3794803023338318,0.3,10
n02018795,0.37249189615249634,0.2,10
n02025239,0.3433242738246918,0.0,10
n02027492,0.4770847260951996,0.2,10
n02028035,0.4284018874168396,0.2,10
n02033041,0.34170442819595337,0.3,10
n02037110,0.2886407971382141,0.2,10
n02051845,0.37510114908218384,0.2,10
n02056570,0.48973536491394043,0.4,10
n02058221,0.49864473938941956,0.1,10
n02066245,0.6319302320480347,0.4,10
n02071294,0.45108193159103394,0.2,10
n02074367,0.7291754484176636,0.8,10
n02077923,0.6180323362350464,0.6,10
n02085620,0.6155260801315308,0.7,10
n02085782,0.5301677584648132,0.2,10
n02085936,0.656341552734375,0.5,10
n02086079,0.5911659002304077,0.6,10
n02086240,0.6480246782302856,0.4,10
n02086646,0.45442748069763184,0.1,10
n02086910,0.4743576943874359,0.5,10
n02087046,0.5925475358963013,0.5,10
n02087394,0.5598635673522949,0.5,10
n02088094,0.649624228477478,0.3,10
n02088238,0.44073542952537537,0.3,10
n02088364,0.5077056884765625,0.4,10
n02088466,0.5872008204460144,0.6,10
n02088632,0.4209465980529785,0.3,10
n02089078,0.4230893552303314,0.3,10
n02089867,0.49118977785110474,0.8,10
n02089973,0.322346031665802,0.5,10
n02090379,0.5614973902702332,0.4,10
n02090622,0.5970678925514221,0.6,10
n02090721,0.6583102345466614,0.5,10
n02091032,0.6298910975456238,0.7,10
n02091134,0.557693362236023,0.3,10
n02091244,0.4852079749107361,0.5,10
n02091467,0.6021651029586792,0.3,10
n02091635,0.6193193197250366,0.4,10
n02091831,0.5435198545455933,0.5,10
n02092002,0.5628218650817871,0.4,10
n02092339,0.4895823001861572,0.3,10
n02093256,0.5013853311538696,0.3,10
n02093428,0.5923089385032654,0.6,10
n02093647,0.574560284614563,0.4,10
n02093754,0.6198589205741882,0.1,10
n02093859,0.6131705045700073,0.6,10
n02093991,0.5660485029220581,0.5,10
n02094114,0.5028923749923706,0.5,10
n02094258,0.5860897302627563,0.8,10
n02094433,0.5045161247253418,0.2,10
n02095314,0.5321739912033081,0.6,10
n02095570,0.5980327129364014,0.4,10
n02095889,0.4621695578098297,0.2,10
n02096051,0.4963962435722351,0.4,10
n02096177,0.6268393993377686,0.5,10
n02096294,0.6369316577911377,0.7,10
n02096437,0.46142059564590454,0.3,10
n02096585,0.41576632857322693,0.2,10
n02097047,0.41765984892845154,0.2,10
n02097130,0.4602780342102051,0.4,10
n02097209,0.4198445677757263,0.5,10
n02097298,0.5031801462173462,0.4,10
n02097474,0.6417739391326904,0.8,10
n02097658,0.5948321223258972,0.8,10
n02098105,0.6116214394569397,0.6,10
n02098286,0.6547916531562805,0.5,10
n02098413,0.595051109790802,0.8,10
n02099267,0.6145245432853699,0.5,10
n02099429,0.6363628506660461,0.8,10
n02099601,0.609345555305481,0.4,10
n02099712,0.5267481803894043,0.3,10
n02099849,0.6727921366691589,0.8,10
n02100236,0.6198064088821411,0.9,10
n02100583,0.6143970489501953,0.7,10
n02100735,0.544199526309967,0.5,10
n02100877,0.6363442540168762,0.6,10
n02101006,0.6390222311019897,0.5,10
n02101388,0.46481624245643616,0.3,10
n02101556,0.4712173342704773,0.1,10
n02102040,0.42284631729125977,0.2,10
n02102177,0.4890323281288147,0.3,10
n02102318,0.5928390026092529,0.5,10
n02102480,0.6356951594352722,0.5,10
n02102973,0.6456649899482727,0.5,10
n02104029,0.5839369297027588,0.6,10
n02104365,0.6198225021362305,0.7,10
n02105056,0.5143300890922546,0.5,10
n02105162,0.5533623695373535,0.4,10
n02105251,0.5778945684432983,0.6,10
n02105412,0.5339983105659485,0.7,10
n02105505,0.4910351634025574,0.0,10
n02105641,0.5381345152854919,0.2,10
n02105855,0.40531283617019653,0.4,10
n02106030,0.4015011787414551,0.1,10
n02106166,0.5031825304031372,0.3,10
n02106382,0.5364381074905396,0.6,10
n02106550,0.44634097814559937,0.4,10
n02106662,0.36521512269973755,0.1,10
n02107142,0.36851435899734497,0.2,10
n02107312,0.33248013257980347,0.1,10
n02107574,0.4214254915714264,0.6,10
n02107683,0.5249139070510864,0.6,10
n02107908,0.37236514687538147,0.7,10
n02108000,0.36786842346191406,0.7,10
n02108089,0.4555586874485016,0.4,10
n02108422,0.5942305326461792,0.6,10
n02108551,0.4311629831790924,0.3,10
n02108915,0.41656607389450073,0.3,10
n02109047,0.6710923910140991,0.8,10
n02109525,0.4079863131046295,0.2,10
n02109961,0.43830934166908264,0.5,10
n02110063,0.4512113630771637,0.2,10
n02110185,0.45828866958618164,0.3,10
n02110341,0.3223250210285187,0.1,10
n02110627,0.6692249178886414,0.7,10
n02110806,0.4128861427307129,0.0,10
n02110958,0.57392817735672,0.6,10
n02111129,0.5066627860069275,0.2,10
n02111277,0.5281359553337097,0.4,10
n02111500,0.6189596056938171,0.4,10
n02111889,0.5970143675804138,0.4,10
n02112018,0.6099614500999451,0.7,10
n02112137,0.5912036895751953,0.2,10
n02112350,0.4895628094673157,0.3,10
n02112706,0.4921024441719055,0.3,10
n02113023,0.566501259803772,0.3,10
n02113186,0.4459609091281891,0.3,10
n02113624,0.6884725689888,0.5,10
n02113712,0.5729445219039917,0.7,10
n02113799,0.5538132190704346,0.6,10
n02113978,0.5588053464889526,0.4,10
n02114367,0.4865674376487732,0.2,10
n02114548,0.5234137773513794,0.4,10
n02114712,0.4295157492160797,0.3,10
n02114855,0.4555931091308594,0.1,10
n02115641,0.509869396686554,0.4,10
n02115913,0.45289215445518494,0.2,10
n02116738,0.32411888241767883,0.1,10
n02117135,0.49259763956069946,0.1,10
n02119022,0.3884637951850891,0.0,10
n02119789,0.5387909412384033,0.7,10
n02120079,0.6678582429885864,0.6,10
n02120505,0.3959014415740967,0.1,10
n02123045,0.39414921402931213,0.0,10
n02123159,0.5133599042892456,0.7,10
n02123394,0.5427969098091125,0.3,10
n02123597,0.38359004259109497,0.0,10
n02124075,0.5713281035423279,0.6,10
n02125311,0.525102436542511,0.1,10
n02127052,0.46649375557899475,0.3,10
n02128385,0.30541491508483887,0.1,10
n02128757,0.4004950523376465,0.2,10
n02128925,0.254305899143219,0.4,10
n02129165,0.5317038297653198,0.3,10
n02129604,0.25032347440719604,0.1,10
n02130308,0.30958640575408936,0.1,10
n02132136,0.5107833743095398,0.3,10
n02133161,0.47036734223365784,0.2,10
n02134084,0.7015699744224548,0.6,10
n02134418,0.41565465927124023,0.3,10
n02137549,0.5738776922225952,0.4,10
n02138441,0.4758409559726715,0.2,10
n02165105,0.3428729176521301,0.2,10
n02165456,0.34558993577957153,0.1,10
n02167151,0.4008868336677551,0.4,10
n02168699,0.48987260460853577,0.3,10
n02169497,0.5159095525741577,0.6,10
n02172182,0.6622340083122253,0.4,10
n02174001,0.5494351983070374,0.4,10
n02177972,0.4008752703666687,0.2,10
n02190166,0.3353009819984436,0.2,10
n02206856,0.5277732610702515,0.5,10
n02219486,0.5239164233207703,0.3,10
n02226429,0.4428190290927887,0.5,10
n02229544,0.6171107292175293,0.7,10
n02231487,0.5380111932754517,0.3,10
n02233338,0.636552631855011,0.6,10
n02236044,0.70618736743927,0.8,10
n02256656,0.47820934653282166,0.2,10
n02259212,0.4447886049747467,0.2,10
n02264363,0.5038422346115112,0.2,10
n02268443,0.545068085193634,0.5,10
n02268853,0.35869377851486206,0.2,10
n02276258,0.27188926935195923,0.1,10
n02277742,0.5562247037887573,0.5,10
n02279972,0.2612744867801666,0.1,10
n02280649,0.4945852756500244,0.2,10
n02281406,0.3219257891178131,0.1,10
n02281787,0.5451408624649048,0.3,10
n02317335,0.40965786576271057,0.3,10
n02319095,0.5205613374710083,0.2,10
n02321529,0.6160352826118469,0.6,10
n02325366,0.48040181398391724,0.2,10
n02326432,0.4249475598335266,0.1,10
n02328150,0.6386617422103882,0.5,10
n02342885,0.5974993705749512,0.4,10
n02346627,0.4771605432033539,0.1,10
n02356798,0.4957200586795807,0.4,10
n02361337,0.589191734790802,0.3,10
n02363005,0.5200075507164001,0.2,10
n02364673,0.6750043630599976,0.8,10
n02389026,0.4067206382751465,0.2,10
n02391049,0.3119046092033386,0.0,10
n02395406,0.7150396108627319,0.6,10
n02396427,0.5919516086578369,0.5,10
n02397096,0.46496662497520447,0.3,10
n02398521,0.7558248043060303,0.8,10
n02403003,0.6332870125770569,0.6,10
n02408429,0.49951261281967163,0.5,10
n02410509,0.5280769467353821,0.3,10
n02412080,0.43619194626808167,0.5,10
n02415577,0.37597769498825073,0.2,10
n02417914,0.40359821915626526,0.1,10
n02422106,0.3589151203632355,0.2,10
n02422699,0.6489843130111694,0.7,10
n02423022,0.2536132335662842,0.0,10
n02437312,0.5439587831497192,0.4,10
n02437616,0.6599519848823547,0.5,10
n02441942,0.5174411535263062,0.2,10
n02442845,0.6630126237869263,0.8,10
n02443114,0.42928019165992737,0.3,10
n02443484,0.509284257888794,0.0,10
n02444819,0.5076565742492676,0.1,10
n02445715,0.4956047534942627,0.3,10
n02447366,0.41097307205200195,0.0,10
n02454379,0.4591709077358246,0.2,10
n02457408,0.5344175100326538,0.4,10
n02480495,0.5295076966285706,0.3,10
n02480855,0.5039092302322388,0.4,10
n02481823,0.474911630153656,0.3,10
n02483362,0.5191112160682678,0.5,10
n02483708,0.6253587007522583,0.7,10
n02484975,0.6525481343269348,0.6,10
n02486261,0.5106365084648132,0.3,10
n02486410,0.7153195142745972,0.4,10
n02487347,0.5844334363937378,0.4,10
n02488291,0.5997709631919861,0.4,10
n02488702,0.5385227203369141,0.4,10
n02489166,0.5022985935211182,0.1,10
n02490219,0.5210024118423462,0.2,10
n02492035,0.4314936697483063,0.1,10
n02492660,0.3226645588874817,0.2,10
n02493509,0.48180609941482544,0.3,10
n02493793,0.4875335097312927,0.5,10
n02494079,0.39661431312561035,0.0,10
n02497673,0.5587671399116516,0.3,10
n02500267,0.43312692642211914,0.3,10
n02504013,0.5949369072914124,0.6,10
n02504458,0.41712847352027893,0.1,10
n02509815,0.24145860970020294,0.1,10
n02510455,0.3474411070346832,0.2,10
n02514041,0.5593236684799194,0.3,10
n02526121,0.5899832248687744,0.6,10
n02536864,0.580531120300293,0.4,10
n02606052,0.2984013855457306,0.1,10
n02607072,0.2777557373046875,0.2,10
n02640242,0.6800857782363892,0.7,10
n02641379,0.5706638693809509,0.4,10
n02643566,0.209984689950943,0.1,10
n02655020,0.616584062576294,0.6,10
n02666196,0.34321069717407227,0.2,10
n02667093,0.5250519514083862,0.4,10
n02669723,0.2661360800266266,0.3,10
n02672831,0.3180648684501648,0.1,10
n02676566,0.37544792890548706,0.2,10
n02687172,0.5306442379951477,0.2,10
n02690373,0.4189695417881012,0.2,10
n02692877,0.558278501033783,0.4,10
n02699494,0.5551170110702515,0.6,10
n02701002,0.19401296973228455,0.0,10
n02704792,0.6145557165145874,0.7,10
n02708093,0.26387277245521545,0.5,10
n02727426,0.695215106010437,0.7,10
n02730930,0.6124862432479858,0.4,10
n02747177,0.5484344959259033,0.5,10
n02749479,0.45366206765174866,0.2,10
n02769748,0.5488240122795105,0.5,10
n02776631,0.5441650152206421,0.7,10
n02777292,0.4683418273925781,0.2,10
n02782093,0.38101285696029663,0.3,10
n02783161,0.4934508204460144,0.3,10
n02786058,0.6394990086555481,0.7,10
n02787622,0.40172892808914185,0.4,10
n02788148,0.6476037502288818,0.7,10
n02790996,0.580071747303009,0.6,10
n02791124,0.4682800769805908,0.3,10
n02791270,0.517389714717865,0.5,10
n02793495,0.4508925974369049,0.1,10
n02794156,0.4303878843784332,0.4,10
n02795169,0.5077501535415649,0.4,10
n02797295,0.4590287208557129,0.2,10
n02799071,0.3525692820549011,0.4,10
n02802426,0.6085560321807861,0.4,10
n02804414,0.7824035286903381,0.6,10
n02804610,0.5494205951690674,0.4,10
n02807133,0.5476579070091248,0.5,10
n02808304,0.7031897306442261,1.0,10
n02808440,0.6526832580566406,0.9,10
n02814533,0.3948764204978943,0.4,10
n02814860,0.3531854748725891,0.1,10
n02815834,0.6596860885620117,0.4,10
n02817516,0.3201902508735657,0.0,10
n02823428,0.3707004189491272,0.2,10
n02823750,0.4283425807952881,0.1,10
n02825657,0.5373985767364502,0.8,10
n02834397,0.5399406552314758,0.3,10
n02835271,0.3523891568183899,0.3,10
n02837789,0.4675959050655365,0.1,10
n02840245,0.5432401299476624,0.7,10
n02841315,0.5020478963851929,0.4,10
n02843684,0.4670863151550293,0.1,10
n02859443,0.5758991241455078,0.7,10
n02860847,0.6415957808494568,0.8,10
n02865351,0.3354414105415344,0.1,10
n02869837,0.5779896974563599,0.7,10
n02870880,0.2905312180519104,0.1,10
n02871525,0.43183404207229614,0.5,10
n02877765,0.4063190519809723,0.4,10
n02879718,0.522278904914856,0.7,10
n02883205,0.3651888072490692,0.2,10
n02892201,0.554106593132019,0.3,10
n02892767,0.4320142865180969,0.2,10
n02894605,0.533744752407074,0.4,10
n02895154,0.5070965886116028,0.4,10
n02906734,0.5778661370277405,0.4,10
n02909870,0.5698481798171997,0.6,10
n02910353,0.44954806566238403,0.5,10
n02916936,0.4829723834991455,0.4,10
n02917067,0.6618373990058899,0.6,10
n02927161,0.5173437595367432,0.2,10
n02930766,0.36212942004203796,0.3,10
n02939185,0.5300151705741882,0.5,10
n02948072,0.5126888751983643,0.3,10
n02950826,0.49817198514938354,0.4,10
n02951358,0.5046094655990601,0.7,10
n02951585,0.5719090104103088,0.7,10
n02963159,0.5809453725814819,0.5,10
n02965783,0.3703859746456146,0.1,10
n02966193,0.48779430985450745,0.3,10
n02966687,0.49898701906204224,0.4,10
n02971356,0.6408953666687012,0.7,10
n02974003,0.3411327302455902,0.4,10
n02977058,0.5830071568489075,0.5,10
n02978881,0.46541649103164673,0.4,10
n02979186,0.34331822395324707,0.4,10
n02980441,0.5656172633171082,0.4,10
n02981792,0.4772624969482422,0.3,10
n02988304,0.3930011987686157,0.4,10
n02992211,0.37386804819107056,0.3,10
n02992529,0.3462294936180115,0.2,10
n02999410,0.532511293888092,0.4,10
n03000134,0.5023310780525208,0.3,10
n03000247,0.5527652502059937,0.4,10
n03000684,0.34788036346435547,0.1,10
n03014705,0.5954909920692444,0.8,10
n03016953,0.4753853678703308,0.1,10
n03017168,0.34633952379226685,0.2,10
n03018349,0.49767351150512695,0.1,10
n03026506,0.402500718832016,0.2,10
n03028079,0.37368565797805786,0.3,10
n03032252,0.562488317489624,0.3,10
n03041632,0.6946938037872314,0.7,10
n03042490,0.7046237587928772,0.4,10
n03045698,0.4968637526035309,0.2,10
n03047690,0.4593057632446289,0.4,10
n03062245,0.36516857147216797,0.2,10
n03063599,0.5907868146896362,0.7,10
n03063689,0.5074262022972107,0.1,10
n03065424,0.4696870744228363,0.6,10
n03075370,0.40402278304100037,0.3,10
n03085013,0.4141254425048828,0.2,10
n03089624,0.572365403175354,0.5,10
n03095699,0.5409976840019226,0.2,10
n03100240,0.39069944620132446,0.5,10
n03109150,0.4620933532714844,0.3,10
n03110669,0.4811331629753113,0.5,10
n03124043,0.5553428530693054,0.5,10
n03124170,0.5648530721664429,0.2,10
n03125729,0.6735885739326477,0.6,10
n03126707,0.4040406346321106,0.4,10
n03127747,0.4221281111240387,0.2,10
n03127925,0.6077908277511597,0.6,10
n03131574,0.6391421556472778,0.4,10
n03133878,0.5238539576530457,0.2,10
n03134739,0.5163270831108093,0.5,10
n03141823,0.6470844149589539,0.9,10
n03146219,0.6637560129165649,0.6,10
n03160309,0.6936041116714478,0.7,10
n03179701,0.4636290669441223,0.4,10
n03180011,0.44780197739601135,0.6,10
n03187595,0.5547610521316528,0.5,10
n03188531,0.6689983606338501,0.6,10
n03196217,0.45917779207229614,0.3,10
n03197337,0.5357789397239685,0.3,10
n03201208,0.5811458826065063,0.5,10
n03207743,0.4463551640510559,0.2,10
n03207941,0.6676069498062134,0.4,10
n03208938,0.28555259108543396,0.1,10
n03216828,0.4740164875984192,0.6,10
n03218198,0.3964390754699707,0.2,10
n03220513,0.3037935197353363,0.2,10
n03223299,0.5708141326904297,0.8,10
n03240683,0.43715500831604004,0.1,10
n03249569,0.5029350519180298,0.3,10
n03250847,0.5181628465652466,0.5,10
n03255030,0.5242739915847778,0.3,10
n03259280,0.4321100115776062,0.3,10
n03271574,0.4168849587440491,0.1,10
n03272010,0.43737053871154785,0.3,10
n03272562,0.30721065402030945,0.2,10
n03290653,0.38053011894226074,0.1,10
n03291819,0.6032582521438599,0.4,10
n03297495,0.39911559224128723,0.2,10
n03314780,0.55042564868927,0.6,10
n03325584,0.5863410234451294,0.5,10
n03337140,0.6367757320404053,0.4,10
n03344393,0.43618154525756836,0.3,10
n03345487,0.4741440713405609,0.4,10
n03347037,0.3808601498603821,0.2,10
n03355925,0.45904532074928284,0.2,10
n03372029,0.4328811764717102,0.3,10
n03376595,0.49753761291503906,0.3,10
n03379051,0.39238324761390686,0.2,10
n03384352,0.37805885076522827,0.4,10
n03388043,0.574177622795105,0.6,10
n03388183,0.3893048167228699,0.0,10
n03388549,0.49116429686546326,0.1,10
n03393912,0.4005189538002014,0.1,10
n03394916,0.39934590458869934,0.2,10
n03400231,0.5414724946022034,0.6,10
n03404251,0.6158276796340942,0.5,10
n03417042,0.4818575382232666,0.5,10
n03424325,0.3981112837791443,0.3,10
n03425413,0.49366673827171326,0.4,10
n03443371,0.5970460176467896,0.4,10
n03444034,0.4695134162902832,0.3,10
n03445777,0.6105673909187317,0.4,10
n03445924,0.5361381769180298,0.6,10
n03447447,0.3185335695743561,0.1,10
n03447721,0.44180336594581604,0.2,10
n03450230,0.583156943321228,0.5,10
n03452741,0.36677950620651245,0.2,10
n03457902,0.4726957678794861,0.4,10
n03459775,0.45856818556785583,0.3,10
n03461385,0.487544447183609,0.3,10
n03467068,0.4932636320590973,0.1,10
n03476684,0.4067678451538086,0.3,10
n03476991,0.6676069498062134,0.8,10
n03478589,0.38198351860046387,0.2,10
n03481172,0.5198360681533813,0.4,10
n03482405,0.6177244782447815,0.6,10
n03483316,0.4942657947540283,0.5,10
n03485407,0.34763240814208984,0.3,10
n03485794,0.6526821255683899,0.6,10
n03492542,0.41407737135887146,0.4,10
n03494278,0.6346802115440369,0.5,10
n03495258,0.4336271286010742,0.3,10
n03496892,0.46338382363319397,0.3,10
n03498962,0.503852367401123,0.4,10
n03527444,0.5480672121047974,0.4,10
n03529860,0.37705767154693604,0.2,10
n03530642,0.6663557291030884,0.6,10
n03532672,0.687379777431488,0.9,10
n03534580,0.4202868342399597,0.2,10
n03535780,0.42367735505104065,0.2,10
n03538406,0.5222034454345703,0.4,10
n03544143,0.464444637298584,0.2,10
n03584254,0.4590042233467102,0.4,10
n03584829,0.44783276319503784,0.3,10
n03590841,0.2722902297973633,0.1,10
n03594734,0.4957667887210846,0.2,10
n03594945,0.4775657057762146,0.3,10
n03595614,0.5285013318061829,0.4,10
n03598930,0.5342494249343872,0.3,10
n03599486,0.3477690517902374,0.0,10
n03602883,0.4316452443599701,0.1,10
n03617480,0.45823127031326294,0.5,10
n03623198,0.44560369849205017,0.4,10
n03627232,0.45973801612854004,0.2,10
n03630383,0.5024386048316956,0.2,10
n03633091,0.5155341625213623,0.4,10
n03637318,0.511032223701477,0.5,10
n03642806,0.49411827325820923,0.3,10
n03649909,0.5093253254890442,0.3,10
n03657121,0.5599341988563538,0.6,10
n03658185,0.5417429208755493,0.4,10
n03661043,0.535323441028595,0.4,10
n03662601,0.3473753035068512,0.1,10
n03666591,0.46896448731422424,0.5,10
n03670208,0.3736133575439453,0.2,10
n03673027,0.5362874269485474,0.2,10
n03676483,0.4891366958618164,0.5,10
n03680355,0.557986319065094,0.5,10
n03690938,0.6287710666656494,0.8,10
n03691459,0.4670996069908142,0.7,10
n03692522,0.5184842348098755,0.8,10
n03697007,0.6420167088508606,0.3,10
n03706229,0.5180203914642334,0.4,10
n03709823,0.4119624197483063,0.2,10
n03710193,0.4953175187110901,0.5,10
n03710637,0.5197080373764038,0.8,10
n03710721,0.41177916526794434,0.3,10
n03717622,0.596206784248352,0.5,10
n03720891,0.4236389994621277,0.1,10
n03721384,0.45353108644485474,0.3,10
n03724870,0.4989500641822815,0.5,10
n03729826,0.48588886857032776,0.6,10
n03733131,0.3797363340854645,0.0,10
n03733281,0.4248128831386566,0.1,10
n03733805,0.6905440092086792,0.6,10
n03742115,0.7022508382797241,0.6,10
n03743016,0.518354594707489,0.3,10
n03759954,0.40919560194015503,0.5,10
n03761084,0.44466152787208557,0.3,10
n03763968,0.5315312147140503,0.3,10
n03764736,0.6135090589523315,0.7,10
n03769881,0.32940834760665894,0.2,10
n03770439,0.5368908643722534,0.2,10
n03770679,0.449605792760849,0.3,10
n03773504,0.542772114276886,0.4,10
n03775071,0.5897325277328491,0.6,10
n03775546,0.45969104766845703,0.3,10
n03776460,0.5220476388931274,0.5,10
n03777568,0.31335097551345825,0.1,10
n03777754,0.5887753963470459,0.4,10
n03781244,0.3698408007621765,0.1,10
n03782006,0.5276128649711609,0.6,10
n03785016,0.3973091244697571,0.4,10
n03786901,0.7376079559326172,0.8,10
n03787032,0.3708444833755493,0.2,10
n03788195,0.47217950224876404,0.0,10
n03788365,0.7925238013267517,0.7,10
n03791053,0.39803221821784973,0.2,10
n03792782,0.48167723417282104,0.5,10
n03792972,0.4824300706386566,0.1,10
n03793489,0.5725470781326294,0.7,10
n03794056,0.5717405080795288,0.3,10
n03796401,0.4838525354862213,0.5,10
n03803284,0.5323385000228882,0.8,10
n03804744,0.6027894020080566,0.6,10
n03814639,0.45206746459007263,0.3,10
n03814906,0.482075035572052,0.0,10
n03825788,0.6494851112365723,0.5,10
n03832673,0.5159408450126648,0.7,10
n03837869,0.4703594148159027,0.3,10
n03838899,0.4985523223876953,0.6,10
n03840681,0.38861924409866333,0.2,10
n03841143,0.24659475684165955,0.1,10
n03843555,0.49798792600631714,0.6,10
n03854065,0.4508945941925049,0.2,10
n03857828,0.5496646165847778,0.4,10
n03866082,0.6016436815261841,0.7,10
n03868242,0.5121463537216187,0.5,10
n03868863,0.5545031428337097,0.5,10
n03871628,0.5004709959030151,0.3,10
n03873416,0.42972153425216675,0.2,10
n03874293,0.352905809879303,0.2,10
n03874599,0.5493999719619751,0.3,10
n03876231,0.5626851320266724,0.6,10
n03877472,0.5256341099739075,0.3,10
n03877845,0.463570773601532,0.3,10
n03884397,0.5191459655761719,0.6,10
n03887697,0.649501621723175,0.8,10
n03888257,0.3039624094963074,0.1,10
n03888605,0.4131718575954437,0.1,10
n03891251,0.4921643137931824,0.3,10
n03891332,0.4535404145717621,0.4,10
n03895866,0.47643008828163147,0.4,10
n03899768,0.6839877963066101,0.9,10
n03902125,0.4761040210723877,0.3,10
n03903868,0.532051682472229,0.3,10
n03908618,0.5877984166145325,0.7,10
n03908714,0.5627649426460266,0.6,10
n03916031,0.49727028608322144,0.5,10
n03920288,0.7362627387046814,0.9,10
n03924679,0.6699093580245972,0.5,10
n03929660,0.3610092103481293,0.3,10
n03929855,0.5520209074020386,0.5,10
n03930313,0.4394780099391937,0.1,10
n03930630,0.3227795660495758,0.2,10
n03933933,0.48877114057540894,0.4,10
n03935335,0.36743396520614624,0.1,10
n03937543,0.5712437033653259,0.6,10
n03938244,0.5323947668075562,0.7,10
n03942813,0.48852720856666565,0.5,10
n03944341,0.5529226064682007,0.4,10
n03947888,0.3190852105617523,0.1,10
n03950228,0.4256165623664856,0.3,10
n03954731,0.6392687559127808,0.3,10
n03956157,0.2646498680114746,0.1,10
n03958227,0.6186224818229675,0.8,10
n03961711,0.5984395146369934,0.5,10
n03967562,0.5947147607803345,0.7,10
n03970156,0.5965662598609924,0.9,10
n03976467,0.4074626863002777,0.2,10
n03976657,0.4800213873386383,0.3,10
n03977966,0.34475237131118774,0.0,10
n03980874,0.43375158309936523,0.3,10
n03982430,0.4414369463920593,0.3,10
n03983396,0.4028102457523346,0.5,10
n03991062,0.5291935205459595,0.2,10
n03992509,0.5024473667144775,0.2,10
n03995372,0.5751498937606812,0.6,10
n03998194,0.5285216569900513,0.3,10
n04004767,0.6394006013870239,0.7,10
n04005630,0.5116668939590454,0.5,10
n04008634,0.6471072435379028,0.9,10
n04009552,0.42544952034950256,0.3,10
n04019541,0.3448774814605713,0.2,10
n04023962,0.5173586010932922,0.5,10
n04026417,0.49134865403175354,0.4,10
n04033901,0.5515154600143433,0.6,10
n04033995,0.7275314331054688,0.5,10
n04037443,0.49326783418655396,0.4,10
n04039381,0.5846908688545227,0.3,10
n04040759,0.4967153072357178,0.3,10
n04041544,0.396051824092865,0.5,10
n04044716,0.3746225833892822,0.2,10
n04049303,0.5926160216331482,0.5,10
n04065272,0.3536985516548157,0.0,10
n04067472,0.5190857648849487,0.3,10
n04069434,0.49478310346603394,0.4,10
n04070727,0.6522652506828308,0.4,10
n04074963,0.5107752680778503,0.5,10
n04081281,0.5496960878372192,0.3,10
n04086273,0.28421682119369507,0.0,10
n04090263,0.5801326632499695,0.4,10
n04099969,0.38008826971054077,0.1,10
n04111531,0.5725773572921753,0.3,10
n04116512,0.591063916683197,0.6,10
n04118538,0.557145357131958,0.2,10
n04118776,0.6696292161941528,0.6,10
n04120489,0.47090601921081543,0.4,10
n04125021,0.6348490715026855,0.4,10
n04127249,0.5847958922386169,0.6,10
n04131690,0.49671047925949097,0.5,10
n04133789,0.632235050201416,0.7,10
n04136333,0.5918455123901367,0.5,10
n04141076,0.5123841166496277,0.4,10
n04141327,0.584733247756958,0.6,10
n04141975,0.5249545574188232,0.4,10
n04146614,0.3280363380908966,0.4,10
n04147183,0.34243685007095337,0.2,10
n04149813,0.5213243961334229,0.5,10
n04152593,0.4405231475830078,0.9,10
n04153751,0.4683355391025543,0.2,10
n04154565,0.6646197438240051,0.8,10
n04162706,0.6615983843803406,0.7,10
n04179913,0.5369107127189636,0.4,10
n04192698,0.5280130505561829,0.3,10
n04200800,0.5996184945106506,0.7,10
n04201297,0.49693435430526733,0.2,10
n04204238,0.4587877690792084,0.5,10
n04204347,0.517393946647644,0.4,10
n04208210,0.5352593660354614,0.4,10
n04209133,0.5466153025627136,0.5,10
n04209239,0.6431220173835754,0.7,10
n04228054,0.46730732917785645,0.3,10
n04229816,0.4881433844566345,0.4,10
n04235860,0.673862099647522,0.7,10
n04238763,0.7163274884223938,0.8,10
n04239074,0.5951719284057617,0.5,10
n04243546,0.32755595445632935,0.0,10
n04251144,0.5706108212471008,0.3,10
n04252077,0.3967862129211426,0.3,10
n04252225,0.46025317907333374,0.1,10
n04254120,0.44007715582847595,0.4,10
n04254680,0.4182266294956207,0.1,10
n04254777,0.4146115779876709,0.3,10
n04258138,0.6474214792251587,0.6,10
n04259630,0.4701765179634094,0.4,10
n04263257,0.4287799894809723,0.6,10
n04264628,0.18764236569404602,0.2,10
n04265275,0.4461454749107361,0.2,10
n04266014,0.48883962631225586,0.3,10
n04270147,0.5673087239265442,0.6,10
n04273569,0.4947289526462555,0.3,10
n04275548,0.5438622236251831,0.6,10
n04277352,0.6768977046012878,0.9,10
n04285008,0.362972617149353,0.3,10
n04286575,0.45662736892700195,0.4,10
n04296562,0.5707823038101196,0.6,10
n04310018,0.6499613523483276,0.8,10
n04311004,0.34281644225120544,0.0,10
n04311174,0.40437501668930054,0.2,10
n04317175,0.6536224484443665,0.7,10
n04325704,0.5432243347167969,0.8,10
n04326547,0.5923259854316711,0.2,10
n04328186,0.33685293793678284,0.5,10
n04330267,0.5778428912162781,0.4,10
n04332243,0.4235583245754242,0.6,10
n04335435,0.38242340087890625,0.1,10
n04336792,0.6234914660453796,0.6,10
n04344873,0.6685784459114075,0.6,10
n04346328,0.3972342014312744,0.0,10
n04347754,0.5069140195846558,0.3,10
n04350905,0.4464811384677887,0.3,10
n04355338,0.6214993596076965,0.6,10
n04355933,0.48860111832618713,0.5,10
n04356056,0.5877574682235718,0.7,10
n04357314,0.5684553980827332,0.7,10
n04366367,0.6046557426452637,0.3,10
n04367480,0.5514734983444214,0.4,10
n04370456,0.5480881333351135,0.5,10
n04371430,0.5712593793869019,0.2,10
n04371774,0.486501544713974,0.5,10
n04372370,0.5935977697372437,0.3,10
n04376876,0.6026105880737305,0.6,10
n04380533,0.45359334349632263,0.4,10
n04389033,0.4430112838745117,0.0,10
n04392985,0.44368308782577515,0.4,10
n04398044,0.4259660243988037,0.1,10
n04399382,0.476666122674942,0.3,10
n04404412,0.522079348564148,0.4,10
n04409515,0.3950617015361786,0.3,10
n04417672,0.5187854766845703,0.5,10
n04418357,0.3807738125324249,0.1,10
n04423845,0.5006571412086487,0.5,10
n04428191,0.43386587500572205,0.3,10
n04429376,0.4733431339263916,0.2,10
n04435653,0.4596179127693176,0.4,10
n04442312,0.4668141007423401,0.4,10
n04443257,0.4430338442325592,0.5,10
n04447861,0.5611220598220825,0.4,10
n04456115,0.5521709322929382,0.3,10
n04458633,0.3194959759712219,0.1,10
n04461696,0.3888660967350006,0.2,10
n04462240,0.5305466055870056,0.5,10
n04465501,0.3988252282142639,0.0,10
n04467665,0.5208643078804016,0.2,10
n04476259,0.620525598526001,0.7,10
n04479046,0.5719300508499146,0.5,10
n04482393,0.43614038825035095,0.4,10
n04483307,0.40844041109085083,0.3,10
n04485082,0.45606914162635803,0.2,10
n04486054,0.37809762358665466,0.0,10
n04487081,0.4036349654197693,0.3,10
n04487394,0.46147793531417847,0.4,10
n04493381,0.7733582854270935,0.8,10
n04501370,0.534988522529602,0.4,10
n04505470,0.3584490418434143,0.2,10
n04507155,0.5366272926330566,0.3,10
n04509417,0.48821601271629333,0.4,10
n04515003,0.39124631881713867,0.2,10
n04517823,0.5321514010429382,0.6,10
n04522168,0.5755712389945984,0.6,10
n04523525,0.7393609285354614,0.5,10
n04525038,0.5863674283027649,0.7,10
n04525305,0.4699152410030365,0.1,10
n04532106,0.5176740884780884,0.4,10
n04532670,0.2977144718170166,0.0,10
n04536866,0.45248597860336304,0.1,10
n04540053,0.3641011118888855,0.1,10
n04542943,0.5211370587348938,0.5,10
n04548280,0.38421741127967834,0.3,10
n04548362,0.6930252313613892,0.9,10
n04550184,0.6098658442497253,0.5,10
n04552348,0.4127076268196106,0.3,10
n04553703,0.7207646369934082,0.7,10
n04554684,0.5833076238632202,0.4,10
n04557648,0.6564452052116394,0.8,10
n04560804,0.6180599927902222,0.5,10
n04562935,0.24926409125328064,0.0,10
n04579145,0.3630935847759247,0.2,10
n04579432,0.45820242166519165,0.3,10
n04584207,0.5870838165283203,0.7,10
n04589890,0.47226661443710327,0.1,10
n04590129,0.5895437002182007,0.9,10
n04591157,0.4915650486946106,0.3,10
n04591713,0.44435232877731323,0.3,10
n04592741,0.5932372808456421,0.8,10
n04596742,0.4643217921257019,0.3,10
n04597913,0.6085430979728699,0.7,10
n04599235,0.3162120580673218,0.4,10
n04604644,0.4010326862335205,0.1,10
n04606251,0.5634201765060425,0.4,10
n04612504,0.5027756094932556,0.6,10
n04613696,0.38437986373901367,0.5,10
n06359193,0.5581098794937134,0.4,10
n06596364,0.4758034646511078,0.7,10
n06785654,0.5112906694412231,0.2,10
n06794110,0.41143885254859924,0.2,10
n06874185,0.320012629032135,0.1,10
n07248320,0.4796326756477356,0.2,10
n07565083,0.5413816571235657,0.4,10
n07579787,0.619965672492981,0.5,10
n07583066,0.5807555913925171,0.7,10
n07584110,0.5351565480232239,0.2,10
n07590611,0.4591684341430664,0.3,10
n07613480,0.5338941812515259,0.2,10
n07614500,0.6172671318054199,0.8,10
n07615774,0.5194942951202393,0.5,10
n07684084,0.7404536604881287,0.8,10
n07693725,0.5071205496788025,0.5,10
n07695742,0.4349750578403473,0.1,10
n07697313,0.5196975469589233,0.5,10
n07697537,0.6274110674858093,0.6,10
n07711569,0.6708118319511414,0.6,10
n07714571,0.6208606958389282,0.5,10
n07714990,0.4423893392086029,0.2,10
n07715103,0.43613559007644653,0.2,10
n07716358,0.6346009969711304,0.7,10
n07716906,0.771621823310852,0.9,10
n07717410,0.5161858201026917,0.5,10
n07717556,0.6958799958229065,0.7,10
n07718472,0.6173120141029358,0.8,10
n07718747,0.4630892872810364,0.5,10
n07720875,0.40383180975914,0.3,10
n07730033,0.39948591589927673,0.2,10
n07734744,0.4526786208152771,0.3,10
n07742313,0.4979630410671234,0.2,10
n07745940,0.3201872408390045,0.2,10
n07747607,0.3810412883758545,0.1,10
n07749582,0.46409130096435547,0.4,10
n07753113,0.4860769808292389,0.3,10
n07753275,0.5177996754646301,0.4,10
n07753592,0.5766912698745728,0.3,10
n07754684,0.43436893820762634,0.2,10
n07760859,0.5213233828544617,0.2,10
n07768694,0.28173163533210754,0.1,10
n07802026,0.6453803181648254,0.5,10
n07831146,0.5527205467224121,0.3,10
n07836838,0.6431159377098083,0.6,10
n07860988,0.663830041885376,0.7,10
n07871810,0.5204580426216125,0.4,10
n07873807,0.5086118578910828,0.1,10
n07875152,0.6370266675949097,0.6,10
n07880968,0.6519061326980591,0.8,10
n07892512,0.5563555359840393,0.4,10
n07920052,0.5183839201927185,0.4,10
n07930864,0.5537439584732056,0.6,10
n07932039,0.6304205060005188,0.7,10
n09193705,0.6303993463516235,0.6,10
n09229709,0.5620287656784058,0.4,10
n09246464,0.6759396195411682,0.5,10
n09256479,0.49783220887184143,0.1,10
n09288635,0.6305972933769226,0.4,10
n09332890,0.508382260799408,0.4,10
n09399592,0.6802520751953125,0.8,10
n09421951,0.6784434914588928,0.6,10
n09428293,0.6258330345153809,0.4,10
n09468604,0.73825603723526,0.9,10
n09472597,0.5466493368148804,0.5,10
n09835506,0.46939659118652344,0.2,10
n10148035,0.6588863134384155,0.7,10
n10565667,0.45500797033309937,0.1,10
n11879895,0.42329153418540955,0.1,10
n11939491,0.20618240535259247,0.0,10
n12057211,0.4818083643913269,0.0,10
n12144580,0.5030922293663025,0.5,10
n12267677,0.6851245164871216,0.8,10
n12620546,0.4398341178894043,0.2,10
n12768682,0.3983459770679474,0.2,10
n12985857,0.35957568883895874,0.0,10
n12998815,0.16256046295166016,0.0,10
n13037406,0.49626773595809937,0.4,10
n13040303,0.38557249307632446,0.1,10
n13044778,0.27549999952316284,0.1,10
n13052670,0.6020857095718384,0.3,10
n13054560,0.5866323709487915,0.5,10
n13133613,0.5612910985946655,0.5,10
n15075141,0.6346830129623413,0.9,10
