model,family,class,corruption,severity,method,iou,centroid_shift,prob_corr,correct
resnet101,CNN,backpack,gaussian_noise,1,cam,0.3517408579702337,14.586451608113343,0.5154935121536255,True
resnet101,CNN,backpack,gaussian_noise,2,cam,0.5774913549198365,5.848252755088591,0.40925368666648865,True
resnet101,CNN,backpack,gaussian_noise,3,cam,0.46137604659628684,21.387359434295664,0.058813437819480896,False
resnet101,CNN,backpack,gaussian_noise,4,cam,0.36972840180155586,19.906392260556043,0.007482696324586868,False
resnet101,CNN,backpack,gaussian_noise,5,cam,0.030390143737166326,19.68609643825162,0.0006278338260017335,False
resnet101,CNN,backpack,shot_noise,1,cam,0.5751392921604018,13.575903412874746,0.6102402806282043,True
resnet101,CNN,backpack,shot_noise,2,cam,0.4723098364263185,9.489818428386181,0.5845410823822021,True
resnet101,CNN,backpack,shot_noise,3,cam,0.48714529154626957,11.242258258578133,0.3872309923171997,True
resnet101,CNN,backpack,shot_noise,4,cam,0.5049861288145759,10.463008808608821,0.19142091274261475,True
resnet101,CNN,backpack,shot_noise,5,cam,0.458191064293498,1.6466574962208567,0.0013530856231227517,False
resnet101,CNN,backpack,impulse_noise,1,cam,0.39321163323384467,24.83839316967762,0.17879991233348846,True
resnet101,CNN,backpack,impulse_noise,2,cam,0.5048732943469786,11.392797890762573,0.035534072667360306,False
resnet101,CNN,backpack,impulse_noise,3,cam,0.5800991891679131,11.473875480999082,0.011085769161581993,False
resnet101,CNN,backpack,impulse_noise,4,cam,0.26837282780410743,30.540815399674738,0.0006326646544039249,False
resnet101,CNN,backpack,impulse_noise,5,cam,0.26040816326530614,12.657421862235365,0.0003578731557354331,False
resnet101,CNN,backpack,defocus_blur,1,cam,0.7851298470295268,1.4696936674167063,0.07921359688043594,True
resnet101,CNN,backpack,defocus_blur,2,cam,0.7573104535107686,1.5195070725707982,0.056236155331134796,True
resnet101,CNN,backpack,defocus_blur,3,cam,0.5551251259006741,10.124919751551168,0.001745494781062007,False
resnet101,CNN,backpack,defocus_blur,4,cam,0.3892580287929125,10.545723491863798,0.0010082797380164266,False
resnet101,CNN,backpack,defocus_blur,5,cam,0.4110369068541301,14.607883996258925,0.0006907486240379512,False
resnet101,CNN,backpack,glass_blur,1,cam,1.0,0.0,0.6017680168151855,True
resnet101,CNN,backpack,glass_blur,2,cam,1.0,0.0,0.6017680168151855,True
resnet101,CNN,backpack,glass_blur,3,cam,1.0,0.0,0.6017680168151855,True
resnet101,CNN,backpack,glass_blur,4,cam,1.0,0.0,0.6017680168151855,True
resnet101,CNN,backpack,glass_blur,5,cam,1.0,0.0,0.6017680168151855,True
resnet101,CNN,backpack,motion_blur,1,cam,0.7580800560567574,4.969868128551378,0.36464938521385193,True
resnet101,CNN,backpack,motion_blur,2,cam,0.7900651030054401,5.858629250921957,0.15780645608901978,True
resnet101,CNN,backpack,motion_blur,3,cam,0.4702607676530911,19.220803727940236,0.0026302034966647625,False
resnet101,CNN,backpack,motion_blur,4,cam,0.31714679440908194,20.43839828526029,0.0012973733246326447,False
resnet101,CNN,backpack,motion_blur,5,cam,0.16697674418604652,17.037026856921077,0.0005861861282028258,False
resnet101,CNN,backpack,zoom_blur,1,cam,0.5669008587041374,15.80535708377664,0.10858485102653503,False
resnet101,CNN,backpack,zoom_blur,2,cam,0.6658643870860652,11.56857834071197,0.05745656415820122,False
resnet101,CNN,backpack,zoom_blur,3,cam,0.7501089894498213,7.6903245141983545,0.013074485585093498,False
resnet101,CNN,backpack,zoom_blur,4,cam,0.7126279863481229,7.600019861003904,0.006090707145631313,False
resnet101,CNN,backpack,zoom_blur,5,cam,0.5486459378134403,10.861195430267754,0.00019421294564381242,False
resnet101,CNN,backpack,snow,1,cam,0.6631038197033723,10.862517909281507,0.05160344019532204,False
resnet101,CNN,backpack,snow,2,cam,0.38657087593257805,33.58870286952458,0.0012027238262817264,False
resnet101,CNN,backpack,snow,3,cam,0.4154149918905578,23.96839873699286,0.02357388101518154,False
resnet101,CNN,backpack,snow,4,cam,0.5040839265642563,6.491709275205877,0.0050109317526221275,False
resnet101,CNN,backpack,snow,5,cam,0.19256134513694967,24.90798945508499,0.0013726934557780623,False
resnet101,CNN,backpack,frost,1,cam,0.8019570877098483,5.15416025462172,0.5308844447135925,True
resnet101,CNN,backpack,frost,2,cam,0.5879468522619424,9.398695443200333,0.029241245239973068,False
resnet101,CNN,backpack,frost,3,cam,0.6522704837117473,12.354049521405193,0.06201663240790367,True
resnet101,CNN,backpack,frost,4,cam,0.3368855734647662,10.806947723317453,0.0029437928460538387,False
resnet101,CNN,backpack,frost,5,cam,0.29463364293085653,15.339600643688584,0.0009141027694568038,False
resnet101,CNN,backpack,fog,1,cam,0.8320554947060971,2.726364944383556,0.35680752992630005,True
resnet101,CNN,backpack,fog,2,cam,0.7772268461129803,7.585282554229776,0.35522153973579407,True
resnet101,CNN,backpack,fog,3,cam,0.6990011850347045,8.251307555994293,0.04804185777902603,False
resnet101,CNN,backpack,fog,4,cam,0.551638837353123,14.26117825869385,0.04991788789629936,False
resnet101,CNN,backpack,fog,5,cam,0.46126965637740247,21.400446613135674,0.00810061302036047,False
resnet101,CNN,backpack,brightness,1,cam,0.8525149976926627,4.157695217616942,0.6165942549705505,True
resnet101,CNN,backpack,brightness,2,cam,0.8235668211138366,5.3668995864706694,0.471465528011322,True
resnet101,CNN,backpack,brightness,3,cam,0.8302798286391395,4.432323753011222,0.29683542251586914,True
resnet101,CNN,backpack,brightness,4,cam,0.7773842203134685,6.241305286082718,0.2577768862247467,True
resnet101,CNN,backpack,brightness,5,cam,0.6884253028263796,10.917774996685598,0.14456947147846222,True
resnet101,CNN,backpack,contrast,1,cam,0.8419748554648069,4.096400283576868,0.5345188975334167,True
resnet101,CNN,backpack,contrast,2,cam,0.8115523465703971,5.207689429366646,0.4952341616153717,True
resnet101,CNN,backpack,contrast,3,cam,0.7833851621501555,6.699933171437093,0.3685176372528076,True
resnet101,CNN,backpack,contrast,4,cam,0.6215866860559056,12.019635560939657,0.2480822056531906,True
resnet101,CNN,backpack,contrast,5,cam,0.5387917816620669,15.423351746334555,0.22061596810817719,True
resnet101,CNN,backpack,elastic_transform,1,cam,0.6453807689154849,1.9498808971913153,0.00786038301885128,False
resnet101,CNN,backpack,elastic_transform,2,cam,0.6379957564876775,9.314313954581522,0.0032023077365010977,False
resnet101,CNN,backpack,elastic_transform,3,cam,0.5790591567023285,17.865537941393796,0.0025671604089438915,False
resnet101,CNN,backpack,elastic_transform,4,cam,0.1171266414422435,20.253517407464205,0.0011309280525892973,False
resnet101,CNN,backpack,elastic_transform,5,cam,0.23444034440344402,8.255588715342205,0.0007754181860946119,False
resnet101,CNN,backpack,pixelate,1,cam,0.6184486373165619,9.62800714236275,0.4185825288295746,True
resnet101,CNN,backpack,pixelate,2,cam,0.3773416592328278,17.04005750078472,0.006546404678374529,False
resnet101,CNN,backpack,pixelate,3,cam,0.47974068071312803,23.22971912511096,0.00454019196331501,False
resnet101,CNN,backpack,pixelate,4,cam,0.1717454757734968,28.96610687725178,0.00044217289541848004,False
resnet101,CNN,backpack,pixelate,5,cam,0.17263539171583805,16.606878417930922,0.00133236194960773,False
resnet101,CNN,backpack,jpeg_compression,1,cam,0.6981387478849408,10.321264538559541,0.05278884992003441,False
resnet101,CNN,backpack,jpeg_compression,2,cam,0.5327987781596029,12.264581814229947,0.06667090952396393,False
resnet101,CNN,backpack,jpeg_compression,3,cam,0.4758823529411765,15.880489902853615,0.04430670663714409,False
resnet101,CNN,backpack,jpeg_compression,4,cam,0.6854479805189353,5.101811453417354,0.0313962921500206,False
resnet101,CNN,backpack,jpeg_compression,5,cam,0.5761287789556341,13.62105904971924,0.06511349231004715,True
resnet101,CNN,velvet,gaussian_noise,1,cam,0.7057424396873938,11.127275178787873,0.00662514753639698,False
resnet101,CNN,velvet,gaussian_noise,2,cam,0.6879623402824478,6.17290341040367,0.0035228219348937273,False
resnet101,CNN,velvet,gaussian_noise,3,cam,0.43798338584932683,12.674272633435267,0.0002928915782831609,False
resnet101,CNN,velvet,gaussian_noise,4,cam,0.48564664101805266,15.197469472963412,9.331202454632148e-05,False
resnet101,CNN,velvet,gaussian_noise,5,cam,0.39106338759958437,21.43861063143988,0.00013430834223981947,False
resnet101,CNN,velvet,shot_noise,1,cam,0.6936572199730094,4.822717325300431,0.023802120238542557,False
resnet101,CNN,velvet,shot_noise,2,cam,0.5644721464744838,12.873295986696128,0.005023539066314697,False
resnet101,CNN,velvet,shot_noise,3,cam,0.5909991284367324,17.470388836384462,0.0010316497646272182,False
resnet101,CNN,velvet,shot_noise,4,cam,0.6005099195283244,10.040956081933333,0.00022119030472822487,False
resnet101,CNN,velvet,shot_noise,5,cam,0.3518368994751716,22.76686709908016,0.00014909481978975236,False
resnet101,CNN,velvet,impulse_noise,1,cam,0.6661135081314304,2.1102849062315068,0.005152605008333921,False
resnet101,CNN,velvet,impulse_noise,2,cam,0.5520173133405473,12.690143761790418,0.001190745853818953,False
resnet101,CNN,velvet,impulse_noise,3,cam,0.4964972425100611,15.2449545697345,0.00023502555268350989,False
resnet101,CNN,velvet,impulse_noise,4,cam,0.37656817714403235,21.844612028385814,0.00013321344158612192,False
resnet101,CNN,velvet,impulse_noise,5,cam,0.337995337995338,16.109842338859554,7.680260750930756e-05,False
resnet101,CNN,velvet,defocus_blur,1,cam,0.6517232869951468,16.715672712032354,0.006699375808238983,False
resnet101,CNN,velvet,defocus_blur,2,cam,0.5594905250077664,24.05761070921578,0.005981863010674715,False
resnet101,CNN,velvet,defocus_blur,3,cam,0.46142649199417757,20.281853345484777,0.003497598459944129,False
resnet101,CNN,velvet,defocus_blur,4,cam,0.4789105631210894,13.662160723042001,0.0031019675079733133,False
resnet101,CNN,velvet,defocus_blur,5,cam,0.5639847340135524,5.933869569234322,0.0026046419516205788,False
resnet101,CNN,velvet,glass_blur,1,cam,1.0,0.0,0.34596186876296997,True
resnet101,CNN,velvet,glass_blur,2,cam,1.0,0.0,0.34596186876296997,True
resnet101,CNN,velvet,glass_blur,3,cam,1.0,0.0,0.34596186876296997,True
resnet101,CNN,velvet,glass_blur,4,cam,1.0,0.0,0.34596186876296997,True
resnet101,CNN,velvet,glass_blur,5,cam,1.0,0.0,0.34596186876296997,True
resnet101,CNN,velvet,motion_blur,1,cam,0.8321167883211679,6.808777870763255,0.02380378544330597,False
resnet101,CNN,velvet,motion_blur,2,cam,0.6661135081314304,22.7589793993724,0.0037581801880151033,False
resnet101,CNN,velvet,motion_blur,3,cam,0.5613093849622891,29.854896321658924,0.0011433751787990332,False
resnet101,CNN,velvet,motion_blur,4,cam,0.5750254921954663,27.336617494621617,0.000607253285124898,False
resnet101,CNN,velvet,motion_blur,5,cam,0.4681582218322732,20.43643468217318,9.979661263059825e-05,False
resnet101,CNN,velvet,zoom_blur,1,cam,0.7241971492357892,10.74450244077772,0.003629905404523015,False
resnet101,CNN,velvet,zoom_blur,2,cam,0.6708270926942919,9.577544963849824,0.0019883739296346903,False
resnet101,CNN,velvet,zoom_blur,3,cam,0.6634910115152017,12.188929541686356,0.0015794147038832307,False
resnet101,CNN,velvet,zoom_blur,4,cam,0.6810380912515697,12.715962511353922,0.0011059818789362907,False
resnet101,CNN,velvet,zoom_blur,5,cam,0.6551269370260469,14.742793814928808,0.0007990669691935182,False
resnet101,CNN,velvet,snow,1,cam,0.5450907971683595,21.297613337651626,0.0036062004510313272,False
resnet101,CNN,velvet,snow,2,cam,0.5887192468950241,12.194083031737923,0.0026565296575427055,False
resnet101,CNN,velvet,snow,3,cam,0.7389798215986837,6.551905380603228,0.0003315074718557298,False
resnet101,CNN,velvet,snow,4,cam,0.48443853034671397,16.52751183337493,0.0001307478960370645,False
resnet101,CNN,velvet,snow,5,cam,0.6785087352670734,5.8798696788348614,0.004266057163476944,False
resnet101,CNN,velvet,frost,1,cam,0.749738584872778,6.704723020418741,0.7164637446403503,True
resnet101,CNN,velvet,frost,2,cam,0.5208664697417253,12.376339049261242,0.03458087146282196,False
resnet101,CNN,velvet,frost,3,cam,0.630664284554166,10.7291565179997,0.019928140565752983,False
resnet101,CNN,velvet,frost,4,cam,0.5899912898883523,18.943863094340013,0.0667397528886795,False
resnet101,CNN,velvet,frost,5,cam,0.7534055186866923,13.892988396565785,0.008859055116772652,False
resnet101,CNN,velvet,fog,1,cam,0.6240698802976383,11.093186671322856,0.04212278127670288,False
resnet101,CNN,velvet,fog,2,cam,0.6502301117685733,11.44320071882916,0.01629788987338543,False
resnet101,CNN,velvet,fog,3,cam,0.729841488628532,8.12374767191557,0.11866415292024612,True
resnet101,CNN,velvet,fog,4,cam,0.6003026200525603,16.192532537979876,0.009632712230086327,False
resnet101,CNN,velvet,fog,5,cam,0.6398661333768672,5.444816980808262,0.004762960597872734,False
resnet101,CNN,velvet,brightness,1,cam,0.9529274460221747,1.4550443641133308,0.290522962808609,True
resnet101,CNN,velvet,brightness,2,cam,0.8708655548308953,5.2370733535523595,0.14093324542045593,True
resnet101,CNN,velvet,brightness,3,cam,0.7662063506025156,10.16519207689294,0.047549404203891754,False
resnet101,CNN,velvet,brightness,4,cam,0.6960891967226962,11.359249095329693,0.0378793403506279,False
resnet101,CNN,velvet,brightness,5,cam,0.6804753535860741,15.977674454568318,0.0360121913254261,False
resnet101,CNN,velvet,contrast,1,cam,0.8585708996667901,6.344997665904357,0.24402280151844025,True
resnet101,CNN,velvet,contrast,2,cam,0.8251227049627341,8.062626592826668,0.16184203326702118,True
resnet101,CNN,velvet,contrast,3,cam,0.7967072297780959,9.706490685001476,0.12252643704414368,True
resnet101,CNN,velvet,contrast,4,cam,0.7555516698723553,12.38315320560972,0.020308861508965492,False
resnet101,CNN,velvet,contrast,5,cam,0.6713833860496088,12.082834291214871,0.015307432971894741,False
resnet101,CNN,velvet,elastic_transform,1,cam,0.6342713077423552,8.282451770196428,0.09011455625295639,True
resnet101,CNN,velvet,elastic_transform,2,cam,0.6093612246533622,7.29106190263014,0.034961748868227005,False
resnet101,CNN,velvet,elastic_transform,3,cam,0.6083299959951942,6.081008927069278,0.015278046019375324,False
resnet101,CNN,velvet,elastic_transform,4,cam,0.5060376509412735,16.240201579972634,0.013631254434585571,False
resnet101,CNN,velvet,elastic_transform,5,cam,0.500186776242062,16.039749770614918,0.0024509860668331385,False
resnet101,CNN,velvet,pixelate,1,cam,0.5597049689440994,17.317662330317358,0.0894492045044899,True
resnet101,CNN,velvet,pixelate,2,cam,0.6033216224848291,15.057054024764971,0.1207883208990097,True
resnet101,CNN,velvet,pixelate,3,cam,0.5077338939780748,22.753156486937623,0.0083236088976264,False
resnet101,CNN,velvet,pixelate,4,cam,0.4981720510333507,19.519957375884484,0.0015243447851389647,False
resnet101,CNN,velvet,pixelate,5,cam,0.5658140985651903,21.489669664032693,0.0015333526534959674,False
resnet101,CNN,velvet,jpeg_compression,1,cam,0.5797340885846904,18.50266460492276,0.0017868529539555311,False
resnet101,CNN,velvet,jpeg_compression,2,cam,0.6007653061224489,22.23650135480764,0.0014360982459038496,False
resnet101,CNN,velvet,jpeg_compression,3,cam,0.5439028140858065,31.30832439178995,0.001552871661260724,False
resnet101,CNN,velvet,jpeg_compression,4,cam,0.5069418386491558,27.31259777480475,0.0018816431984305382,False
resnet101,CNN,velvet,jpeg_compression,5,cam,0.47056239015817225,32.78541833242676,0.0008051160257309675,False
resnet101,CNN,patio,gaussian_noise,1,cam,0.6782608695652174,3.6341941128133852,0.0004949623835273087,False
resnet101,CNN,patio,gaussian_noise,2,cam,0.7329133586468761,8.153813975253039,0.0002189534716308117,False
resnet101,CNN,patio,gaussian_noise,3,cam,0.7282589977613225,12.431312639289505,0.0003337736416142434,False
resnet101,CNN,patio,gaussian_noise,4,cam,0.6247369273109924,14.48941598119631,0.00021478495909832418,False
resnet101,CNN,patio,gaussian_noise,5,cam,0.5527191150305562,1.5513842652148009,0.00038717204006388783,False
resnet101,CNN,patio,shot_noise,1,cam,0.7426636568848759,2.4364480748279815,0.0005684740608558059,False
resnet101,CNN,patio,shot_noise,2,cam,0.6522884425419823,1.9949117837312151,0.0005467405426315963,False
resnet101,CNN,patio,shot_noise,3,cam,0.6672481103081651,11.876108061670687,0.0002850016753654927,False
resnet101,CNN,patio,shot_noise,4,cam,0.5964368090352342,3.3684865499871615,0.0001977235806407407,False
resnet101,CNN,patio,shot_noise,5,cam,0.5803480040941658,6.237852207570891,0.0001594659552210942,False
resnet101,CNN,patio,impulse_noise,1,cam,0.7263972484952709,3.1441791530606777,0.00044207123573869467,False
resnet101,CNN,patio,impulse_noise,2,cam,0.6202776880852438,16.331890548318743,0.000419874326325953,False
resnet101,CNN,patio,impulse_noise,3,cam,0.6129861780777885,16.450354273573485,0.00045860360842198133,False
resnet101,CNN,patio,impulse_noise,4,cam,0.6690503908198903,12.895887562121247,0.0002659700403455645,False
resnet101,CNN,patio,impulse_noise,5,cam,0.5692283636932218,9.84882291164717,0.00044068871648050845,False
resnet101,CNN,patio,defocus_blur,1,cam,0.7161422708618331,0.7353385764459153,0.00016996437625493854,False
resnet101,CNN,patio,defocus_blur,2,cam,0.588477366255144,2.992806197307578,0.00019669994071591645,False
resnet101,CNN,patio,defocus_blur,3,cam,0.4504986269692152,10.14032752291278,0.00026488371076993644,False
resnet101,CNN,patio,defocus_blur,4,cam,0.3062605752961083,10.0988967690478,0.00023800769122317433,False
resnet101,CNN,patio,defocus_blur,5,cam,0.2772510340439071,17.751299359633283,0.00016696385864634067,False
resnet101,CNN,patio,glass_blur,1,cam,1.0,0.0,0.0003779949911404401,False
resnet101,CNN,patio,glass_blur,2,cam,1.0,0.0,0.0003779949911404401,False
resnet101,CNN,patio,glass_blur,3,cam,1.0,0.0,0.0003779949911404401,False
resnet101,CNN,patio,glass_blur,4,cam,1.0,0.0,0.0003779949911404401,False
resnet101,CNN,patio,glass_blur,5,cam,1.0,0.0,0.0003779949911404401,False
resnet101,CNN,patio,motion_blur,1,cam,0.6374612497960516,8.607104715010832,0.0003783217689488083,False
resnet101,CNN,patio,motion_blur,2,cam,0.5225669422741409,12.12884111487667,0.00021495315013453364,False
resnet101,CNN,patio,motion_blur,3,cam,0.4999626614890598,9.32661379627143,0.00019113431335426867,False
resnet101,CNN,patio,motion_blur,4,cam,0.257565315456425,16.42561617761311,0.0002936313103418797,False
resnet101,CNN,patio,motion_blur,5,cam,0.026648253286276916,31.943201200577484,0.00023325238726101816,False
resnet101,CNN,patio,zoom_blur,1,cam,0.645111056470781,6.48426562887244,0.0007076820475049317,False
resnet101,CNN,patio,zoom_blur,2,cam,0.6277674154569783,6.779531891251915,0.0006567339296452701,False
resnet101,CNN,patio,zoom_blur,3,cam,0.6467306587907129,10.053992229491447,0.0005844405386596918,False
resnet101,CNN,patio,zoom_blur,4,cam,0.44725647126685414,16.218439320845757,0.00041054721805267036,False
resnet101,CNN,patio,zoom_blur,5,cam,0.40422554918147474,18.004737444135646,0.000313420663587749,False
resnet101,CNN,patio,snow,1,cam,0.598470972366011,5.933410714996071,0.00042272821883670986,False
resnet101,CNN,patio,snow,2,cam,0.6187096774193548,5.73674660067426,0.0025853486731648445,False
resnet101,CNN,patio,snow,3,cam,0.6569258708931814,3.8124145315522333,0.0002630432427395135,False
resnet101,CNN,patio,snow,4,cam,0.4670369828972372,2.6587494943653995,0.00017530657351016998,False
resnet101,CNN,patio,snow,5,cam,0.4039308945932713,18.541436632108717,0.00011245132191106677,False
resnet101,CNN,patio,frost,1,cam,0.5449507389162561,6.782966877341334,0.00019354460528120399,False
resnet101,CNN,patio,frost,2,cam,0.6060169627140343,14.116903658903231,0.0006967945955693722,False
resnet101,CNN,patio,frost,3,cam,0.4970167064439141,6.7476759090488265,0.0013674512738361955,False
resnet101,CNN,patio,frost,4,cam,0.6697446135928792,6.61260681307209,0.0005855624913237989,False
resnet101,CNN,patio,frost,5,cam,0.628031470516668,6.580066618988662,0.0019253529608249664,False
resnet101,CNN,patio,fog,1,cam,0.6520164609053498,6.8054789764613695,0.0006173840956762433,False
resnet101,CNN,patio,fog,2,cam,0.6019154030327215,8.053503264284554,0.0006706011481583118,False
resnet101,CNN,patio,fog,3,cam,0.6420157068062827,6.624031967756279,0.0008803284727036953,False
resnet101,CNN,patio,fog,4,cam,0.6683567450752224,9.093298573665269,0.001013361499644816,False
resnet101,CNN,patio,fog,5,cam,0.6642069480142608,1.6362300349936363,0.004139354918152094,False
resnet101,CNN,patio,brightness,1,cam,0.8176220230009961,2.10836862340753,0.00038957319338805974,False
resnet101,CNN,patio,brightness,2,cam,0.6932680951577527,3.932257028625609,0.0004269767669029534,False
resnet101,CNN,patio,brightness,3,cam,0.6569258708931814,7.563138783472717,0.0005380192305892706,False
resnet101,CNN,patio,brightness,4,cam,0.5133830958305059,12.767781420992247,0.0007104816613718867,False
resnet101,CNN,patio,brightness,5,cam,0.4366902870231193,15.341248059737225,0.0008191014057956636,False
resnet101,CNN,patio,contrast,1,cam,0.7397937072029124,6.160820635442464,0.00038061875966377556,False
resnet101,CNN,patio,contrast,2,cam,0.7014495210646775,7.199816337760337,0.0003765614819712937,False
resnet101,CNN,patio,contrast,3,cam,0.7027485578554462,7.335286727927698,0.0003183256194461137,False
resnet101,CNN,patio,contrast,4,cam,0.7255845942228336,5.59082610049695,0.00033198329037986696,False
resnet101,CNN,patio,contrast,5,cam,0.7127741274852804,5.188074118155348,0.0003052101528737694,False
resnet101,CNN,patio,elastic_transform,1,cam,0.38647509843199557,21.27398295550474,0.003966020420193672,False
resnet101,CNN,patio,elastic_transform,2,cam,0.5631423232637808,2.0051543006780768,0.0020363316871225834,False
resnet101,CNN,patio,elastic_transform,3,cam,0.37592541815190567,3.197710938024992,0.0016618943773210049,False
resnet101,CNN,patio,elastic_transform,4,cam,0.34666219389466624,23.25763153353849,0.0015465805772691965,False
resnet101,CNN,patio,elastic_transform,5,cam,0.34162154936167366,9.308907091429539,0.0013286706525832415,False
resnet101,CNN,patio,pixelate,1,cam,0.6767187369476234,3.678519393601309,0.0002444102428853512,False
resnet101,CNN,patio,pixelate,2,cam,0.04323650158499195,32.98064920209055,0.0005960107082501054,False
resnet101,CNN,patio,pixelate,3,cam,0.5863431597249664,7.127296017342823,0.00023548342869617045,False
resnet101,CNN,patio,pixelate,4,cam,0.260214648842026,0.44693687489627026,0.00036516087129712105,False
resnet101,CNN,patio,pixelate,5,cam,0.00014948427923663362,34.00728510394023,0.0007328151841647923,False
resnet101,CNN,patio,jpeg_compression,1,cam,0.7402462285417027,2.578912727075058,0.0003431709483265877,False
resnet101,CNN,patio,jpeg_compression,2,cam,0.7614743308468627,2.4714710239456896,0.00024634585133753717,False
resnet101,CNN,patio,jpeg_compression,3,cam,0.6925541782612362,5.21010816809974,0.00027552928077057004,False
resnet101,CNN,patio,jpeg_compression,4,cam,0.7467583326081281,4.761723312489564,0.00026857887860387564,False
resnet101,CNN,patio,jpeg_compression,5,cam,0.5488849448259897,13.116107426995091,0.00020141650747973472,False
vit_b_16,ViT,backpack,gaussian_noise,1,cam,0.20001594387755103,71.85467172802832,0.43273916840553284,True
vit_b_16,ViT,backpack,gaussian_noise,1,rollout,0.6938396624472574,5.981881157688105,0.43273916840553284,True
vit_b_16,ViT,backpack,gaussian_noise,2,cam,0.4829700775766531,13.375326659660002,0.703742504119873,True
vit_b_16,ViT,backpack,gaussian_noise,2,rollout,0.5719320228678831,9.712734200405036,0.703742504119873,True
vit_b_16,ViT,backpack,gaussian_noise,3,cam,0.20966672693304406,36.27377968520855,0.3525681793689728,True
vit_b_16,ViT,backpack,gaussian_noise,3,rollout,0.390701863784383,12.00274856624065,0.3525681793689728,True
vit_b_16,ViT,backpack,gaussian_noise,4,cam,0.185576752702144,2.777611021209616,0.0496872141957283,False
vit_b_16,ViT,backpack,gaussian_noise,4,rollout,0.22706436036917058,17.81471295688425,0.0496872141957283,False
vit_b_16,ViT,backpack,gaussian_noise,5,cam,0.06646830667870995,27.21530199015689,0.011647551320493221,False
vit_b_16,ViT,backpack,gaussian_noise,5,rollout,0.13005292196824683,22.594756546042706,0.011647551320493221,False
vit_b_16,ViT,backpack,shot_noise,1,cam,0.44861431870669743,11.578280102636983,0.8157632946968079,True
vit_b_16,ViT,backpack,shot_noise,1,rollout,0.8130250203233673,2.477611685394058,0.8157632946968079,True
vit_b_16,ViT,backpack,shot_noise,2,cam,0.2721510964634301,27.319311463633387,0.735362708568573,True
vit_b_16,ViT,backpack,shot_noise,2,rollout,0.7085243674647648,2.2653519379259666,0.735362708568573,True
vit_b_16,ViT,backpack,shot_noise,3,cam,0.24085064292779426,22.959088720600104,0.8801983594894409,True
vit_b_16,ViT,backpack,shot_noise,3,rollout,0.5844647931796653,5.883703578577687,0.8801983594894409,True
vit_b_16,ViT,backpack,shot_noise,4,cam,0.4539001955529804,8.1078565935103,0.41597670316696167,True
vit_b_16,ViT,backpack,shot_noise,4,rollout,0.41362067751250087,8.861727103146405,0.41597670316696167,True
vit_b_16,ViT,backpack,shot_noise,5,cam,0.40915473181690537,24.362164811769226,0.010971150361001492,False
vit_b_16,ViT,backpack,shot_noise,5,rollout,0.38332184700206756,11.702676040690516,0.010971150361001492,False
vit_b_16,ViT,backpack,impulse_noise,1,cam,0.3798982538154819,18.82506241849794,0.6618748903274536,True
vit_b_16,ViT,backpack,impulse_noise,1,rollout,0.4772944726576875,7.29280670692562,0.6618748903274536,True
vit_b_16,ViT,backpack,impulse_noise,2,cam,0.28436140261069875,34.95482791337418,0.3007466793060303,True
vit_b_16,ViT,backpack,impulse_noise,2,rollout,0.30042112082928407,13.046342949184549,0.3007466793060303,True
vit_b_16,ViT,backpack,impulse_noise,3,cam,0.16318961520630507,31.565227988570253,0.485343873500824,True
vit_b_16,ViT,backpack,impulse_noise,3,rollout,0.27035748180955393,14.693920326950511,0.485343873500824,True
vit_b_16,ViT,backpack,impulse_noise,4,cam,0.3267235111375504,26.878649088329247,0.2858802378177643,True
vit_b_16,ViT,backpack,impulse_noise,4,rollout,0.18663907774164942,22.51915722432206,0.2858802378177643,True
vit_b_16,ViT,backpack,impulse_noise,5,cam,0.3455557045180319,13.272893451193546,0.0051201642490923405,False
vit_b_16,ViT,backpack,impulse_noise,5,rollout,0.15918932963796986,21.506760884273685,0.0051201642490923405,False
vit_b_16,ViT,backpack,defocus_blur,1,cam,0.10626102292768959,33.90957343897325,0.7434622049331665,True
vit_b_16,ViT,backpack,defocus_blur,1,rollout,0.6843165226147521,3.7383706624974935,0.7434622049331665,True
vit_b_16,ViT,backpack,defocus_blur,2,cam,0.1517150395778364,37.20269492759922,0.49946388602256775,True
vit_b_16,ViT,backpack,defocus_blur,2,rollout,0.6116910229645094,4.565897023252691,0.49946388602256775,True
vit_b_16,ViT,backpack,defocus_blur,3,cam,0.3263728275953215,36.912417331794444,0.08002766221761703,True
vit_b_16,ViT,backpack,defocus_blur,3,rollout,0.5470941883767535,6.088130688599619,0.08002766221761703,True
vit_b_16,ViT,backpack,defocus_blur,4,cam,0.20001594387755103,15.0912797708248,0.045225076377391815,True
vit_b_16,ViT,backpack,defocus_blur,4,rollout,0.5332671300893744,6.847848949943548,0.045225076377391815,True
vit_b_16,ViT,backpack,defocus_blur,5,cam,0.20299670362601138,41.826228126979004,0.008142958395183086,False
vit_b_16,ViT,backpack,defocus_blur,5,rollout,0.5179611283369886,7.126019853947484,0.008142958395183086,False
vit_b_16,ViT,backpack,glass_blur,1,cam,1.0,0.0,0.7271093130111694,True
vit_b_16,ViT,backpack,glass_blur,1,rollout,1.0,0.0,0.7271093130111694,True
vit_b_16,ViT,backpack,glass_blur,2,cam,1.0,0.0,0.7271093130111694,True
vit_b_16,ViT,backpack,glass_blur,2,rollout,1.0,0.0,0.7271093130111694,True
vit_b_16,ViT,backpack,glass_blur,3,cam,1.0,0.0,0.7271093130111694,True
vit_b_16,ViT,backpack,glass_blur,3,rollout,1.0,0.0,0.7271093130111694,True
vit_b_16,ViT,backpack,glass_blur,4,cam,1.0,0.0,0.7271093130111694,True
vit_b_16,ViT,backpack,glass_blur,4,rollout,1.0,0.0,0.7271093130111694,True
vit_b_16,ViT,backpack,glass_blur,5,cam,1.0,0.0,0.7271093130111694,True
vit_b_16,ViT,backpack,glass_blur,5,rollout,1.0,0.0,0.7271093130111694,True
vit_b_16,ViT,backpack,motion_blur,1,cam,0.5704561458414834,18.243315339383788,0.5324289798736572,True
vit_b_16,ViT,backpack,motion_blur,1,rollout,0.7266236559139785,3.0982546207531834,0.5324289798736572,True
vit_b_16,ViT,backpack,motion_blur,2,cam,0.4033419562329581,35.720441044795926,0.14928434789180756,False
vit_b_16,ViT,backpack,motion_blur,2,rollout,0.6206701655228098,5.170581129758496,0.14928434789180756,False
vit_b_16,ViT,backpack,motion_blur,3,cam,0.34503786101990214,34.03185156425091,0.012497900053858757,False
vit_b_16,ViT,backpack,motion_blur,3,rollout,0.5691056910569106,4.1911913643019485,0.012497900053858757,False
vit_b_16,ViT,backpack,motion_blur,4,cam,0.2621517952587562,36.38839934802062,0.0027520214207470417,False
vit_b_16,ViT,backpack,motion_blur,4,rollout,0.5069069069069069,7.1366403351147145,0.0027520214207470417,False
vit_b_16,ViT,backpack,motion_blur,5,cam,0.23433560843632786,30.545867671117367,0.0012396478559821844,False
vit_b_16,ViT,backpack,motion_blur,5,rollout,0.4052086250350042,2.652804455753961,0.0012396478559821844,False
vit_b_16,ViT,backpack,zoom_blur,1,cam,0.25938009787928223,42.54702361186554,0.030541792511940002,False
vit_b_16,ViT,backpack,zoom_blur,1,rollout,0.5993625498007968,1.380545824627155,0.030541792511940002,False
vit_b_16,ViT,backpack,zoom_blur,2,cam,0.30692102350413436,39.917655829150384,0.014621797017753124,False
vit_b_16,ViT,backpack,zoom_blur,2,rollout,0.5186502231973973,0.9518677225578817,0.014621797017753124,False
vit_b_16,ViT,backpack,zoom_blur,3,cam,0.29030599125739265,33.31153916667863,0.011802363209426403,False
vit_b_16,ViT,backpack,zoom_blur,3,rollout,0.46735872505300097,0.8798097115568745,0.011802363209426403,False
vit_b_16,ViT,backpack,zoom_blur,4,cam,0.3292715231788079,35.30933054504578,0.009107241407036781,False
vit_b_16,ViT,backpack,zoom_blur,4,rollout,0.4129241165704632,0.307362834381346,0.009107241407036781,False
vit_b_16,ViT,backpack,zoom_blur,5,cam,0.29907449356028737,21.44902253791217,0.009018356911838055,False
vit_b_16,ViT,backpack,zoom_blur,5,rollout,0.40570067931928006,0.12347846141784184,0.009018356911838055,False
vit_b_16,ViT,backpack,snow,1,cam,0.2984862207271316,23.949255889924643,0.022165847942233086,False
vit_b_16,ViT,backpack,snow,1,rollout,0.41241029970451665,12.678300603029829,0.022165847942233086,False
vit_b_16,ViT,backpack,snow,2,cam,0.35869491640154333,25.619672207620685,0.06288183480501175,False
vit_b_16,ViT,backpack,snow,2,rollout,0.1623139730152296,33.224113285975875,0.06288183480501175,False
vit_b_16,ViT,backpack,snow,3,cam,0.24323319913285846,32.23360105473973,0.006816340144723654,False
vit_b_16,ViT,backpack,snow,3,rollout,0.2014125815526426,26.019693658397966,0.006816340144723654,False
vit_b_16,ViT,backpack,snow,4,cam,0.11449194891726819,9.682836790596621,0.0015816068043932319,False
vit_b_16,ViT,backpack,snow,4,rollout,0.1650801021592756,29.253182573134232,0.0015816068043932319,False
vit_b_16,ViT,backpack,snow,5,cam,0.1887474089428487,24.476969614545894,0.0011414148611947894,False
vit_b_16,ViT,backpack,snow,5,rollout,0.16439468646673241,38.94968356497608,0.0011414148611947894,False
vit_b_16,ViT,backpack,frost,1,cam,0.2477001491795127,38.11673812535722,0.0419313907623291,False
vit_b_16,ViT,backpack,frost,1,rollout,0.26942775845716094,16.588887421504516,0.0419313907623291,False
vit_b_16,ViT,backpack,frost,2,cam,0.06849752514769279,38.5534041167792,0.09221406280994415,False
vit_b_16,ViT,backpack,frost,2,rollout,0.16298742684975956,17.30441861521424,0.09221406280994415,False
vit_b_16,ViT,backpack,frost,3,cam,0.3024463045876322,19.9128969882617,0.29301023483276367,True
vit_b_16,ViT,backpack,frost,3,rollout,0.15429294381505548,46.21976874985431,0.29301023483276367,True
vit_b_16,ViT,backpack,frost,4,cam,0.27336166973291887,14.23386357313105,0.192325159907341,True
vit_b_16,ViT,backpack,frost,4,rollout,0.14933577645442053,36.474031933948886,0.192325159907341,True
vit_b_16,ViT,backpack,frost,5,cam,0.14409484724122207,29.293141100669388,0.05533001944422722,True
vit_b_16,ViT,backpack,frost,5,rollout,0.15073360843649702,19.789199606156817,0.05533001944422722,True
vit_b_16,ViT,backpack,fog,1,cam,0.43833751343604443,17.567736022294145,0.30443957448005676,True
vit_b_16,ViT,backpack,fog,1,rollout,0.18895865418789243,23.124936403383607,0.30443957448005676,True
vit_b_16,ViT,backpack,fog,2,cam,0.42668277773828983,17.514447679137486,0.22530901432037354,True
vit_b_16,ViT,backpack,fog,2,rollout,0.2673317338047733,12.671956592675633,0.22530901432037354,True
vit_b_16,ViT,backpack,fog,3,cam,0.27013858128203505,26.857592368855812,0.059321630746126175,True
vit_b_16,ViT,backpack,fog,3,rollout,0.22968089667422062,7.689411126488472,0.059321630746126175,True
vit_b_16,ViT,backpack,fog,4,cam,0.2844435912203238,26.33913671582499,0.16601307690143585,True
vit_b_16,ViT,backpack,fog,4,rollout,0.2753844198754607,12.434624325992507,0.16601307690143585,True
vit_b_16,ViT,backpack,fog,5,cam,0.26565357210416796,31.686586485839864,0.07234568148851395,True
vit_b_16,ViT,backpack,fog,5,rollout,0.24462082222360018,17.90816749750421,0.07234568148851395,True
vit_b_16,ViT,backpack,brightness,1,cam,0.8964474678760394,2.8147599101986134,0.7648497223854065,True
vit_b_16,ViT,backpack,brightness,1,rollout,0.6959864807773553,4.511873895071251,0.7648497223854065,True
vit_b_16,ViT,backpack,brightness,2,cam,0.783226723525231,5.479931007361666,0.7920621037483215,True
vit_b_16,ViT,backpack,brightness,2,rollout,0.4159142212189616,9.9061300232706,0.7920621037483215,True
vit_b_16,ViT,backpack,brightness,3,cam,0.706367423276375,9.025724326729733,0.8072243928909302,True
vit_b_16,ViT,backpack,brightness,3,rollout,0.1944064266587325,17.163344043121693,0.8072243928909302,True
vit_b_16,ViT,backpack,brightness,4,cam,0.45670948544887147,20.50237748305927,0.7711532115936279,True
vit_b_16,ViT,backpack,brightness,4,rollout,0.16663760534728278,20.585199385235562,0.7711532115936279,True
vit_b_16,ViT,backpack,brightness,5,cam,0.2138364779874214,33.053481951586555,0.5130171179771423,True
vit_b_16,ViT,backpack,brightness,5,rollout,0.12802068112847026,22.232960462215104,0.5130171179771423,True
vit_b_16,ViT,backpack,contrast,1,cam,0.20001594387755103,73.8491655881203,0.7824511528015137,True
vit_b_16,ViT,backpack,contrast,1,rollout,0.6204084927746831,3.53289264527991,0.7824511528015137,True
vit_b_16,ViT,backpack,contrast,2,cam,0.5124321880650995,9.789774962196027,0.7178987264633179,True
vit_b_16,ViT,backpack,contrast,2,rollout,0.5417466779322528,4.7072109911730085,0.7178987264633179,True
vit_b_16,ViT,backpack,contrast,3,cam,0.5200302915562287,15.4619033796856,0.36855098605155945,True
vit_b_16,ViT,backpack,contrast,3,rollout,0.46393406753701405,5.938137261225287,0.36855098605155945,True
vit_b_16,ViT,backpack,contrast,4,cam,0.20001594387755103,47.50333435949853,0.046048663556575775,True
vit_b_16,ViT,backpack,contrast,4,rollout,0.34666219389466624,6.531622744948359,0.046048663556575775,True
vit_b_16,ViT,backpack,contrast,5,cam,0.3226592870791329,35.27414995749817,0.0017420732183381915,False
vit_b_16,ViT,backpack,contrast,5,rollout,0.2298174690677447,10.049597175423864,0.0017420732183381915,False
vit_b_16,ViT,backpack,elastic_transform,1,cam,0.41941871154798105,12.692143837111031,0.4115618169307709,True
vit_b_16,ViT,backpack,elastic_transform,1,rollout,0.7731448763250883,1.4071535059375753,0.4115618169307709,True
vit_b_16,ViT,backpack,elastic_transform,2,cam,0.3440910612654838,25.302414448355954,0.2008829414844513,False
vit_b_16,ViT,backpack,elastic_transform,2,rollout,0.7764403929551288,2.508731273940022,0.2008829414844513,False
vit_b_16,ViT,backpack,elastic_transform,3,cam,0.4237480493687048,22.225806276151097,0.029380744323134422,False
vit_b_16,ViT,backpack,elastic_transform,3,rollout,0.6751794358203973,4.215102055561289,0.029380744323134422,False
vit_b_16,ViT,backpack,elastic_transform,4,cam,0.6252631578947369,7.347106683354598,0.011854365468025208,False
vit_b_16,ViT,backpack,elastic_transform,4,rollout,0.6810417015575281,3.49398536232709,0.011854365468025208,False
vit_b_16,ViT,backpack,elastic_transform,5,cam,0.40619307832422585,24.014573949255436,0.0006469337386079133,False
vit_b_16,ViT,backpack,elastic_transform,5,rollout,0.6183181488349593,2.713023103259565,0.0006469337386079133,False
vit_b_16,ViT,backpack,pixelate,1,cam,0.2555986488177155,26.68575553637729,0.6219699382781982,True
vit_b_16,ViT,backpack,pixelate,1,rollout,0.827052612415802,1.7883887213425325,0.6219699382781982,True
vit_b_16,ViT,backpack,pixelate,2,cam,0.0878543168391957,23.24071111207009,0.7471773624420166,True
vit_b_16,ViT,backpack,pixelate,2,rollout,0.8753620480239185,0.3861774269225743,0.7471773624420166,True
vit_b_16,ViT,backpack,pixelate,3,cam,0.06511010878217034,34.19999686133697,0.7736621499061584,True
vit_b_16,ViT,backpack,pixelate,3,rollout,0.7568490153172867,2.141796684098148,0.7736621499061584,True
vit_b_16,ViT,backpack,pixelate,4,cam,0.13023648648648647,29.42138383120195,0.1547197699546814,True
vit_b_16,ViT,backpack,pixelate,4,rollout,0.683380848566158,2.8797486422558896,0.1547197699546814,True
vit_b_16,ViT,backpack,pixelate,5,cam,0.11946458449525935,61.544353773610474,0.0031957770697772503,False
vit_b_16,ViT,backpack,pixelate,5,rollout,0.7017380245866893,4.5764393982043075,0.0031957770697772503,False
vit_b_16,ViT,backpack,jpeg_compression,1,cam,0.18945185185185184,20.812548769331492,0.013524120673537254,False
vit_b_16,ViT,backpack,jpeg_compression,1,rollout,0.8636954503249767,0.7090699623398351,0.013524120673537254,False
vit_b_16,ViT,backpack,jpeg_compression,2,cam,0.231788892298251,19.34826318552484,0.0009925048798322678,False
vit_b_16,ViT,backpack,jpeg_compression,2,rollout,0.8166349895918182,2.053071282356388,0.0009925048798322678,False
vit_b_16,ViT,backpack,jpeg_compression,3,cam,0.384944455944249,26.833748169684437,0.004063855856657028,False
vit_b_16,ViT,backpack,jpeg_compression,3,rollout,0.8019570877098483,2.2730888125447635,0.004063855856657028,False
vit_b_16,ViT,backpack,jpeg_compression,4,cam,0.1898043864848844,40.210506915102656,0.003562355414032936,False
vit_b_16,ViT,backpack,jpeg_compression,4,rollout,0.7385881333910784,3.217152898424598,0.003562355414032936,False
vit_b_16,ViT,backpack,jpeg_compression,5,cam,0.20001594387755103,67.5368283040202,0.0021910248324275017,False
vit_b_16,ViT,backpack,jpeg_compression,5,rollout,0.667802243456585,5.632090698741932,0.0021910248324275017,False
vit_b_16,ViT,velvet,gaussian_noise,1,cam,0.37058783368607906,29.969590031317818,0.012551121413707733,False
vit_b_16,ViT,velvet,gaussian_noise,1,rollout,0.5347912524850894,8.976240725149667,0.012551121413707733,False
vit_b_16,ViT,velvet,gaussian_noise,2,cam,0.14380946954589482,40.11548925354654,0.0018701428780332208,False
vit_b_16,ViT,velvet,gaussian_noise,2,rollout,0.4146169567975192,6.719466737790924,0.0018701428780332208,False
vit_b_16,ViT,velvet,gaussian_noise,3,cam,0.33441903749002927,15.507757456269548,0.0006812943611294031,False
vit_b_16,ViT,velvet,gaussian_noise,3,rollout,0.2737657063079071,8.674812184705372,0.0006812943611294031,False
vit_b_16,ViT,velvet,gaussian_noise,4,cam,0.20007573341836735,56.49963837050676,0.0005772800068370998,False
vit_b_16,ViT,velvet,gaussian_noise,4,rollout,0.16650200499796594,12.021945636002622,0.0005772800068370998,False
vit_b_16,ViT,velvet,gaussian_noise,5,cam,0.17137355584082156,43.16575885818637,0.0012734554475173354,False
vit_b_16,ViT,velvet,gaussian_noise,5,rollout,0.16674415901429734,13.764222771949951,0.0012734554475173354,False
vit_b_16,ViT,velvet,shot_noise,1,cam,0.21423819028609448,37.17353520860472,0.5151094198226929,True
vit_b_16,ViT,velvet,shot_noise,1,rollout,0.8076368876080692,2.410503773185484,0.5151094198226929,True
vit_b_16,ViT,velvet,shot_noise,2,cam,0.3562356438319146,41.72362073427757,0.010840489529073238,False
vit_b_16,ViT,velvet,shot_noise,2,rollout,0.6755989648551632,5.985295443948553,0.010840489529073238,False
vit_b_16,ViT,velvet,shot_noise,3,cam,0.3950660180681029,31.548138281257305,0.0023613835219293833,False
vit_b_16,ViT,velvet,shot_noise,3,rollout,0.6109149277688604,7.497274018966404,0.0023613835219293833,False
vit_b_16,ViT,velvet,shot_noise,4,cam,0.32604531342889226,41.09120100619469,0.0013554212637245655,False
vit_b_16,ViT,velvet,shot_noise,4,rollout,0.49189832020217034,9.415057497568156,0.0013554212637245655,False
vit_b_16,ViT,velvet,shot_noise,5,cam,0.24588841308260412,12.636089564015878,0.00045706750825047493,False
vit_b_16,ViT,velvet,shot_noise,5,rollout,0.4786003683241252,13.753216626881096,0.00045706750825047493,False
vit_b_16,ViT,velvet,impulse_noise,1,cam,0.3161138062147633,32.59523674297841,0.0005823448300361633,False
vit_b_16,ViT,velvet,impulse_noise,1,rollout,0.3406358535933743,9.16048028205415,0.0005823448300361633,False
vit_b_16,ViT,velvet,impulse_noise,2,cam,0.3256950406128244,28.703369702153026,0.0004826575459446758,False
vit_b_16,ViT,velvet,impulse_noise,2,rollout,0.27400825134877815,9.595554263890229,0.0004826575459446758,False
vit_b_16,ViT,velvet,impulse_noise,3,cam,0.36601796407185627,37.489087435162006,0.0008434156188741326,False
vit_b_16,ViT,velvet,impulse_noise,3,rollout,0.17738151102768654,16.376012315134247,0.0008434156188741326,False
vit_b_16,ViT,velvet,impulse_noise,4,cam,0.24026936859013961,40.49470967256568,0.0006412783986888826,False
vit_b_16,ViT,velvet,impulse_noise,4,rollout,0.18153991052507654,16.64966326071747,0.0006412783986888826,False
vit_b_16,ViT,velvet,impulse_noise,5,cam,0.11956946071050137,20.04018821222563,0.0005280934274196625,False
vit_b_16,ViT,velvet,impulse_noise,5,rollout,0.1570876808670087,15.576934508209556,0.0005280934274196625,False
vit_b_16,ViT,velvet,defocus_blur,1,cam,0.20007573341836735,103.85168529320134,0.3167791962623596,True
vit_b_16,ViT,velvet,defocus_blur,1,rollout,0.598598279706913,2.574037056889181,0.3167791962623596,True
vit_b_16,ViT,velvet,defocus_blur,2,cam,0.4112478031634446,39.027077853914655,0.03846702352166176,False
vit_b_16,ViT,velvet,defocus_blur,2,rollout,0.5487155750983569,2.5551197148008207,0.03846702352166176,False
vit_b_16,ViT,velvet,defocus_blur,3,cam,0.3750941845331872,31.591855756834867,0.008948216214776039,False
vit_b_16,ViT,velvet,defocus_blur,3,rollout,0.5207212667626335,2.1502731563499697,0.008948216214776039,False
vit_b_16,ViT,velvet,defocus_blur,4,cam,0.3811489508083935,38.19259552272906,0.003587277140468359,False
vit_b_16,ViT,velvet,defocus_blur,4,rollout,0.49311909544000593,1.4121321102421391,0.003587277140468359,False
vit_b_16,ViT,velvet,defocus_blur,5,cam,0.03346203346203346,37.76091205670181,0.00276806578040123,False
vit_b_16,ViT,velvet,defocus_blur,5,rollout,0.4603971197905302,1.226801787761789,0.00276806578040123,False
vit_b_16,ViT,velvet,glass_blur,1,cam,1.0,0.0,0.8927189111709595,True
vit_b_16,ViT,velvet,glass_blur,1,rollout,1.0,0.0,0.8927189111709595,True
vit_b_16,ViT,velvet,glass_blur,2,cam,1.0,0.0,0.8927189111709595,True
vit_b_16,ViT,velvet,glass_blur,2,rollout,1.0,0.0,0.8927189111709595,True
vit_b_16,ViT,velvet,glass_blur,3,cam,1.0,0.0,0.8927189111709595,True
vit_b_16,ViT,velvet,glass_blur,3,rollout,1.0,0.0,0.8927189111709595,True
vit_b_16,ViT,velvet,glass_blur,4,cam,1.0,0.0,0.8927189111709595,True
vit_b_16,ViT,velvet,glass_blur,4,rollout,1.0,0.0,0.8927189111709595,True
vit_b_16,ViT,velvet,glass_blur,5,cam,1.0,0.0,0.8927189111709595,True
vit_b_16,ViT,velvet,glass_blur,5,rollout,1.0,0.0,0.8927189111709595,True
vit_b_16,ViT,velvet,motion_blur,1,cam,0.21101526211015262,34.59860895094361,0.7892724871635437,True
vit_b_16,ViT,velvet,motion_blur,1,rollout,0.6430910281597905,2.0876805264165226,0.7892724871635437,True
vit_b_16,ViT,velvet,motion_blur,2,cam,0.4852767090855283,23.47896827848309,0.12277618795633316,False
vit_b_16,ViT,velvet,motion_blur,2,rollout,0.5400905393999846,2.2774485652789807,0.12277618795633316,False
vit_b_16,ViT,velvet,motion_blur,3,cam,0.36323509439087326,26.238036446268143,0.012961477972567081,False
vit_b_16,ViT,velvet,motion_blur,3,rollout,0.5096269554753309,3.031043693566866,0.012961477972567081,False
vit_b_16,ViT,velvet,motion_blur,4,cam,0.23561272850372375,24.443483934170928,0.001682352740317583,False
vit_b_16,ViT,velvet,motion_blur,4,rollout,0.38993144519077627,3.4115577901822483,0.001682352740317583,False
vit_b_16,ViT,velvet,motion_blur,5,cam,0.35660224354642517,17.97944384329371,0.0009672745945863426,False
vit_b_16,ViT,velvet,motion_blur,5,rollout,0.3620139784216598,3.2965215475864236,0.0009672745945863426,False
vit_b_16,ViT,velvet,zoom_blur,1,cam,0.18920680054499142,37.02533427559908,0.47034981846809387,True
vit_b_16,ViT,velvet,zoom_blur,1,rollout,0.5195699901582255,3.8666452969735396,0.47034981846809387,True
vit_b_16,ViT,velvet,zoom_blur,2,cam,0.236297573592807,27.00360156153069,0.20049817860126495,True
vit_b_16,ViT,velvet,zoom_blur,2,rollout,0.46757329823791766,4.385150033994626,0.20049817860126495,True
vit_b_16,ViT,velvet,zoom_blur,3,cam,0.31669727177334733,100.41444777572649,0.11383017152547836,True
vit_b_16,ViT,velvet,zoom_blur,3,rollout,0.45480901645285204,4.6828951019680405,0.11383017152547836,True
vit_b_16,ViT,velvet,zoom_blur,4,cam,0.30204955247113763,11.782499703527428,0.029615625739097595,False
vit_b_16,ViT,velvet,zoom_blur,4,rollout,0.433038263849229,4.569748914472056,0.029615625739097595,False
vit_b_16,ViT,velvet,zoom_blur,5,cam,0.26644384183641295,10.178900073984092,0.01240187231451273,False
vit_b_16,ViT,velvet,zoom_blur,5,rollout,0.41423036280380415,4.18413000308922,0.01240187231451273,False
vit_b_16,ViT,velvet,snow,1,cam,0.34985207100591714,29.54318247971624,0.016894569620490074,False
vit_b_16,ViT,velvet,snow,1,rollout,0.2311089303238469,5.416985613663112,0.016894569620490074,False
vit_b_16,ViT,velvet,snow,2,cam,0.35889798957557706,13.240761788852481,0.00023376884928438812,False
vit_b_16,ViT,velvet,snow,2,rollout,0.1375460470388212,16.59396737529844,0.00023376884928438812,False
vit_b_16,ViT,velvet,snow,3,cam,0.38486479028697573,29.89390938163499,0.001012228662148118,False
vit_b_16,ViT,velvet,snow,3,rollout,0.18952234206471494,8.110590712767806,0.001012228662148118,False
vit_b_16,ViT,velvet,snow,4,cam,0.20007573341836735,83.98658502564723,0.0009698068606667221,False
vit_b_16,ViT,velvet,snow,4,rollout,0.1586238743939044,16.23441815942817,0.0009698068606667221,False
vit_b_16,ViT,velvet,snow,5,cam,0.12610085824872386,2.396938355331698,0.0005909744650125504,False
vit_b_16,ViT,velvet,snow,5,rollout,0.13680634201585504,19.057902238574453,0.0005909744650125504,False
vit_b_16,ViT,velvet,frost,1,cam,0.4106239460370995,26.45249508640574,0.49035993218421936,True
vit_b_16,ViT,velvet,frost,1,rollout,0.1886066204772902,11.440135417307422,0.49035993218421936,True
vit_b_16,ViT,velvet,frost,2,cam,0.18625539206996394,19.00418332679809,0.05684820935130119,False
vit_b_16,ViT,velvet,frost,2,rollout,0.21552716041906378,9.207888702608212,0.05684820935130119,False
vit_b_16,ViT,velvet,frost,3,cam,0.11869601560323209,40.304164945588205,0.04432206228375435,False
vit_b_16,ViT,velvet,frost,3,rollout,0.12069349983275728,5.555824929728248,0.04432206228375435,False
vit_b_16,ViT,velvet,frost,4,cam,0.22304130620202267,37.912852665276205,0.004171730484813452,False
vit_b_16,ViT,velvet,frost,4,rollout,0.185307665052557,20.735302231371634,0.004171730484813452,False
vit_b_16,ViT,velvet,frost,5,cam,0.22892819979188345,22.635244907872597,0.08309970796108246,True
vit_b_16,ViT,velvet,frost,5,rollout,0.10546896513741257,5.750642264934793,0.08309970796108246,True
vit_b_16,ViT,velvet,fog,1,cam,0.20007573341836735,106.31246749477629,0.24512147903442383,True
vit_b_16,ViT,velvet,fog,1,rollout,0.10644396670525329,13.351336038863021,0.24512147903442383,True
vit_b_16,ViT,velvet,fog,2,cam,0.40159184528380926,17.36894219377612,0.23510435223579407,True
vit_b_16,ViT,velvet,fog,2,rollout,0.11066843736166446,12.672536640711451,0.23510435223579407,True
vit_b_16,ViT,velvet,fog,3,cam,0.10936118479221928,31.751356107659596,0.009919501841068268,False
vit_b_16,ViT,velvet,fog,3,rollout,0.2779829364574048,16.42933188403187,0.009919501841068268,False
vit_b_16,ViT,velvet,fog,4,cam,0.2730500951173114,25.077288686458882,0.06411568820476532,False
vit_b_16,ViT,velvet,fog,4,rollout,0.10419188029486193,12.18072576029183,0.06411568820476532,False
vit_b_16,ViT,velvet,fog,5,cam,0.22214781444052112,26.405719059815965,0.00376341980881989,False
vit_b_16,ViT,velvet,fog,5,rollout,0.13529411764705881,15.350266932455122,0.00376341980881989,False
vit_b_16,ViT,velvet,brightness,1,cam,0.7965464793772926,4.5343286582906295,0.854688286781311,True
vit_b_16,ViT,velvet,brightness,1,rollout,0.5604446863095701,4.848542038745213,0.854688286781311,True
vit_b_16,ViT,velvet,brightness,2,cam,0.20007573341836735,106.70714733962134,0.7781997919082642,True
vit_b_16,ViT,velvet,brightness,2,rollout,0.44777841892671666,7.794012454308479,0.7781997919082642,True
vit_b_16,ViT,velvet,brightness,3,cam,0.5734775452621679,36.672324248416885,0.7036987543106079,True
vit_b_16,ViT,velvet,brightness,3,rollout,0.4037345268899923,11.989460396243608,0.7036987543106079,True
vit_b_16,ViT,velvet,brightness,4,cam,0.41532712915961645,9.476384373793614,0.564160943031311,True
vit_b_16,ViT,velvet,brightness,4,rollout,0.3716003826704934,17.986138161090267,0.564160943031311,True
vit_b_16,ViT,velvet,brightness,5,cam,0.3024190933264155,37.32237130239481,0.40924307703971863,True
vit_b_16,ViT,velvet,brightness,5,rollout,0.3543859649122807,20.190939924744548,0.40924307703971863,True
vit_b_16,ViT,velvet,contrast,1,cam,0.4192294096854012,23.843732717319636,0.7051109671592712,True
vit_b_16,ViT,velvet,contrast,1,rollout,0.4538606403013183,9.658170751603565,0.7051109671592712,True
vit_b_16,ViT,velvet,contrast,2,cam,0.30586092499837375,31.956882262352007,0.5540913939476013,True
vit_b_16,ViT,velvet,contrast,2,rollout,0.36414299306782655,11.57838405723909,0.5540913939476013,True
vit_b_16,ViT,velvet,contrast,3,cam,0.4364937388193202,28.64263814585909,0.10290749371051788,True
vit_b_16,ViT,velvet,contrast,3,rollout,0.26965652476437474,14.727757740948297,0.10290749371051788,True
vit_b_16,ViT,velvet,contrast,4,cam,0.2447296626984127,17.76828939187934,0.003459928324446082,False
vit_b_16,ViT,velvet,contrast,4,rollout,0.18959284063296392,14.336897969870286,0.003459928324446082,False
vit_b_16,ViT,velvet,contrast,5,cam,0.10114639899073008,20.37827331505252,0.004114929120987654,False
vit_b_16,ViT,velvet,contrast,5,rollout,0.11821727019498607,10.766080563934391,0.004114929120987654,False
vit_b_16,ViT,velvet,elastic_transform,1,cam,0.503970632304465,38.586266115316526,0.6041647791862488,True
vit_b_16,ViT,velvet,elastic_transform,1,rollout,0.7570028011204482,2.9733210045997303,0.6041647791862488,True
vit_b_16,ViT,velvet,elastic_transform,2,cam,0.2113075484221324,29.120133971098667,0.4415768086910248,True
vit_b_16,ViT,velvet,elastic_transform,2,rollout,0.7837021238780769,2.6850719198322905,0.4415768086910248,True
vit_b_16,ViT,velvet,elastic_transform,3,cam,0.41682546404121673,35.25822738916586,0.010060550644993782,False
vit_b_16,ViT,velvet,elastic_transform,3,rollout,0.6498438270590169,4.416138169451099,0.010060550644993782,False
vit_b_16,ViT,velvet,elastic_transform,4,cam,0.20007573341836735,87.73903311545394,0.00038934662006795406,False
vit_b_16,ViT,velvet,elastic_transform,4,rollout,0.6231602781821123,6.009922228600815,0.00038934662006795406,False
vit_b_16,ViT,velvet,elastic_transform,5,cam,0.2282794909446892,49.413564286746194,0.0006702789105474949,False
vit_b_16,ViT,velvet,elastic_transform,5,rollout,0.7241023879058581,4.860426287167388,0.0006702789105474949,False
vit_b_16,ViT,velvet,pixelate,1,cam,0.20007573341836735,121.77388050524185,0.6655755043029785,True
vit_b_16,ViT,velvet,pixelate,1,rollout,0.8652541585354521,1.0461704818923094,0.6655755043029785,True
vit_b_16,ViT,velvet,pixelate,2,cam,0.20007573341836735,123.61169874856158,0.5895509719848633,True
vit_b_16,ViT,velvet,pixelate,2,rollout,0.8043869111830277,1.0941413665029571,0.5895509719848633,True
vit_b_16,ViT,velvet,pixelate,3,cam,0.3635128710181349,10.547641544257472,0.613215446472168,True
vit_b_16,ViT,velvet,pixelate,3,rollout,0.7528600122260065,0.4825947784806133,0.613215446472168,True
vit_b_16,ViT,velvet,pixelate,4,cam,0.2992686557504369,10.613394043391057,0.3434549868106842,True
vit_b_16,ViT,velvet,pixelate,4,rollout,0.7159955544156621,1.4900958855324054,0.3434549868106842,True
vit_b_16,ViT,velvet,pixelate,5,cam,0.34623122317596566,32.07755127168342,0.03564252331852913,False
vit_b_16,ViT,velvet,pixelate,5,rollout,0.6991450097350377,1.7778322009121812,0.03564252331852913,False
vit_b_16,ViT,velvet,jpeg_compression,1,cam,0.3683457160384432,26.462110477170324,0.5992604494094849,True
vit_b_16,ViT,velvet,jpeg_compression,1,rollout,0.8006638557459406,1.1486627930979,0.5992604494094849,True
vit_b_16,ViT,velvet,jpeg_compression,2,cam,0.4462214537857503,26.867706800308994,0.28370124101638794,True
vit_b_16,ViT,velvet,jpeg_compression,2,rollout,0.784336385456485,1.3282612480334683,0.28370124101638794,True
vit_b_16,ViT,velvet,jpeg_compression,3,cam,0.4270078180525942,40.79511885781826,0.29011568427085876,True
vit_b_16,ViT,velvet,jpeg_compression,3,rollout,0.8045491324283017,3.271355871316303,0.29011568427085876,True
vit_b_16,ViT,velvet,jpeg_compression,4,cam,0.15806172483415057,36.08704383922335,0.017408696934580803,False
vit_b_16,ViT,velvet,jpeg_compression,4,rollout,0.5678800187470707,4.894782831708821,0.017408696934580803,False
vit_b_16,ViT,velvet,jpeg_compression,5,cam,0.24599726945513217,33.23238998913256,0.0006033118697814643,False
vit_b_16,ViT,velvet,jpeg_compression,5,rollout,0.6453807689154849,4.803712446248568,0.0006033118697814643,False
vit_b_16,ViT,patio,gaussian_noise,1,cam,0.3961188008624887,7.189153150227713,0.00018954496772494167,False
vit_b_16,ViT,patio,gaussian_noise,1,rollout,0.6507688512457858,8.246566345579176,0.00018954496772494167,False
vit_b_16,ViT,patio,gaussian_noise,2,cam,0.4033419562329581,9.143503003212063,0.00021439738338813186,False
vit_b_16,ViT,patio,gaussian_noise,2,rollout,0.5003737479443863,10.785105309323253,0.00021439738338813186,False
vit_b_16,ViT,patio,gaussian_noise,3,cam,0.17911061505022616,9.573702665408833,0.0001551504828967154,False
vit_b_16,ViT,patio,gaussian_noise,3,rollout,0.2959710743801653,13.819927302417238,0.0001551504828967154,False
vit_b_16,ViT,patio,gaussian_noise,4,cam,0.0742881609933633,19.473484492324804,5.065963341621682e-05,False
vit_b_16,ViT,patio,gaussian_noise,4,rollout,0.21149203283437953,20.13702922292665,5.065963341621682e-05,False
vit_b_16,ViT,patio,gaussian_noise,5,cam,0.20973963355834138,23.231555840708594,0.00034162160591222346,False
vit_b_16,ViT,patio,gaussian_noise,5,rollout,0.16602765191123503,23.144958246662195,0.00034162160591222346,False
vit_b_16,ViT,patio,shot_noise,1,cam,0.3647922757870402,8.714261582028534,0.0005263704224489629,False
vit_b_16,ViT,patio,shot_noise,1,rollout,0.5809703843730308,4.505215656730317,0.0005263704224489629,False
vit_b_16,ViT,patio,shot_noise,2,cam,0.08790851444366159,34.30356456946414,0.0002531236386857927,False
vit_b_16,ViT,patio,shot_noise,2,rollout,0.48439579943795297,6.464621380598905,0.0002531236386857927,False
vit_b_16,ViT,patio,shot_noise,3,cam,0.10055927184998355,18.11996924882311,0.00012513094407040626,False
vit_b_16,ViT,patio,shot_noise,3,rollout,0.35164983164983166,8.82617192266141,0.00012513094407040626,False
vit_b_16,ViT,patio,shot_noise,4,cam,0.16589219330855018,7.157348480423657,0.00020912018953822553,False
vit_b_16,ViT,patio,shot_noise,4,rollout,0.23348694316436253,17.21845335290835,0.00020912018953822553,False
vit_b_16,ViT,patio,shot_noise,5,cam,0.05914943013929928,5.6921014309496085,0.00029760622419416904,False
vit_b_16,ViT,patio,shot_noise,5,rollout,0.23486712598425197,12.4954387977778,0.00029760622419416904,False
vit_b_16,ViT,patio,impulse_noise,1,cam,0.20001594387755103,83.37207681885478,0.00020031986059620976,False
vit_b_16,ViT,patio,impulse_noise,1,rollout,0.48439579943795297,10.988202901487854,0.00020031986059620976,False
vit_b_16,ViT,patio,impulse_noise,2,cam,0.16528301886792454,14.211257445724353,4.433515641721897e-05,False
vit_b_16,ViT,patio,impulse_noise,2,rollout,0.2963895885810244,16.415630060213687,4.433515641721897e-05,False
vit_b_16,ViT,patio,impulse_noise,3,cam,0.2432650027868954,13.119796364421617,0.0006357388920150697,False
vit_b_16,ViT,patio,impulse_noise,3,rollout,0.28989139515455303,14.466072152887838,0.0006357388920150697,False
vit_b_16,ViT,patio,impulse_noise,4,cam,0.20299670362601138,7.307738873692009,0.0004882003122474998,False
vit_b_16,ViT,patio,impulse_noise,4,rollout,0.17345805320081847,21.122928788624005,0.0004882003122474998,False
vit_b_16,ViT,patio,impulse_noise,5,cam,0.21351710796759762,31.132733481614185,0.0005398328648880124,False
vit_b_16,ViT,patio,impulse_noise,5,rollout,0.17318370448302065,22.876671571336736,0.0005398328648880124,False
vit_b_16,ViT,patio,defocus_blur,1,cam,0.2957200955393454,28.915975599673178,0.0001719462452456355,False
vit_b_16,ViT,patio,defocus_blur,1,rollout,0.4900155890431297,8.05158198600288,0.0001719462452456355,False
vit_b_16,ViT,patio,defocus_blur,2,cam,0.2267448967118934,30.00624776596482,0.00010685218148864806,False
vit_b_16,ViT,patio,defocus_blur,2,rollout,0.4353546910755149,9.810929927293543,0.00010685218148864806,False
vit_b_16,ViT,patio,defocus_blur,3,cam,0.17085690952575394,16.553569717018437,0.00012684740067925304,False
vit_b_16,ViT,patio,defocus_blur,3,rollout,0.3928249254042051,11.788769061964912,0.00012684740067925304,False
vit_b_16,ViT,patio,defocus_blur,4,cam,0.15435932827237175,6.198694851732342,0.00021693979215342551,False
vit_b_16,ViT,patio,defocus_blur,4,rollout,0.34675254965110036,14.621545651552296,0.00021693979215342551,False
vit_b_16,ViT,patio,defocus_blur,5,cam,0.13916004540295118,40.83255012095533,0.00037164799869060516,False
vit_b_16,ViT,patio,defocus_blur,5,rollout,0.31018276762402086,15.569316599713481,0.00037164799869060516,False
vit_b_16,ViT,patio,glass_blur,1,cam,1.0,0.0,0.0015062460443004966,False
vit_b_16,ViT,patio,glass_blur,1,rollout,1.0,0.0,0.0015062460443004966,False
vit_b_16,ViT,patio,glass_blur,2,cam,1.0,0.0,0.0015062460443004966,False
vit_b_16,ViT,patio,glass_blur,2,rollout,1.0,0.0,0.0015062460443004966,False
vit_b_16,ViT,patio,glass_blur,3,cam,1.0,0.0,0.0015062460443004966,False
vit_b_16,ViT,patio,glass_blur,3,rollout,1.0,0.0,0.0015062460443004966,False
vit_b_16,ViT,patio,glass_blur,4,cam,1.0,0.0,0.0015062460443004966,False
vit_b_16,ViT,patio,glass_blur,4,rollout,1.0,0.0,0.0015062460443004966,False
vit_b_16,ViT,patio,glass_blur,5,cam,1.0,0.0,0.0015062460443004966,False
vit_b_16,ViT,patio,glass_blur,5,rollout,1.0,0.0,0.0015062460443004966,False
vit_b_16,ViT,patio,motion_blur,1,cam,0.23489602559370001,34.66853819855498,0.00016214983770623803,False
vit_b_16,ViT,patio,motion_blur,1,rollout,0.5313954375524529,8.308325001657165,0.00016214983770623803,False
vit_b_16,ViT,patio,motion_blur,2,cam,0.3636795977987635,12.980850153791813,6.686383130727336e-05,False
vit_b_16,ViT,patio,motion_blur,2,rollout,0.5234914611005692,8.314807821212485,6.686383130727336e-05,False
vit_b_16,ViT,patio,motion_blur,3,cam,0.24763799104922923,7.14126133109,8.174980757758021e-05,False
vit_b_16,ViT,patio,motion_blur,3,rollout,0.42009197028652284,12.481490511940727,8.174980757758021e-05,False
vit_b_16,ViT,patio,motion_blur,4,cam,0.21324951644100582,13.518345923997522,0.0002082258724840358,False
vit_b_16,ViT,patio,motion_blur,4,rollout,0.4393863359380601,7.22661096739147,0.0002082258724840358,False
vit_b_16,ViT,patio,motion_blur,5,cam,0.212809667673716,8.177339286259885,0.0001105720511986874,False
vit_b_16,ViT,patio,motion_blur,5,rollout,0.41491611447906385,9.185407313564209,0.0001105720511986874,False
vit_b_16,ViT,patio,zoom_blur,1,cam,0.3910060975609756,8.555754725899247,0.0004544018302112818,False
vit_b_16,ViT,patio,zoom_blur,1,rollout,0.45533642691415316,6.538625449516021,0.0004544018302112818,False
vit_b_16,ViT,patio,zoom_blur,2,cam,0.2041514188013678,19.43676141631373,0.0007925232639536262,False
vit_b_16,ViT,patio,zoom_blur,2,rollout,0.37539388957391423,8.660213757114187,0.0007925232639536262,False
vit_b_16,ViT,patio,zoom_blur,3,cam,0.1285208298195311,28.116594957162295,0.0033650915138423443,False
vit_b_16,ViT,patio,zoom_blur,3,rollout,0.3465718502616396,10.137775023646409,0.0033650915138423443,False
vit_b_16,ViT,patio,zoom_blur,4,cam,0.15600345522602937,41.31112112563522,0.006112110335379839,False
vit_b_16,ViT,patio,zoom_blur,4,rollout,0.3002526397616117,12.77506787021163,0.006112110335379839,False
vit_b_16,ViT,patio,zoom_blur,5,cam,0.13113553113553114,29.351343532934294,0.007014164235442877,False
vit_b_16,ViT,patio,zoom_blur,5,rollout,0.2542637596051727,15.79410606681361,0.007014164235442877,False
vit_b_16,ViT,patio,snow,1,cam,0.2522303325223033,30.486826507350408,0.000911913753952831,False
vit_b_16,ViT,patio,snow,1,rollout,0.18035871802411055,31.722170286483376,0.000911913753952831,False
vit_b_16,ViT,patio,snow,2,cam,0.3766803840877915,12.02646171545877,0.00021369423484429717,False
vit_b_16,ViT,patio,snow,2,rollout,0.11529699394343501,43.58804080105265,0.00021369423484429717,False
vit_b_16,ViT,patio,snow,3,cam,0.2673736034841886,24.206805403959997,0.00016338593559339643,False
vit_b_16,ViT,patio,snow,3,rollout,0.12184216409568523,41.15367621948307,0.00016338593559339643,False
vit_b_16,ViT,patio,snow,4,cam,0.27408912022343535,1.6311775133387942,0.00034357511322014034,False
vit_b_16,ViT,patio,snow,4,rollout,0.12612208258527827,45.63350868941172,0.00034357511322014034,False
vit_b_16,ViT,patio,snow,5,cam,0.20112500748010292,32.04578682271786,0.00018747933791019022,False
vit_b_16,ViT,patio,snow,5,rollout,0.09833105335157319,50.98087519924634,0.00018747933791019022,False
vit_b_16,ViT,patio,frost,1,cam,0.42384904589628997,32.75551479734299,0.00019291118951514363,False
vit_b_16,ViT,patio,frost,1,rollout,0.10899348138327257,42.460583444988735,0.00019291118951514363,False
vit_b_16,ViT,patio,frost,2,cam,0.25985438111975895,6.754830545227339,0.0002553390513639897,False
vit_b_16,ViT,patio,frost,2,rollout,0.09602052513783503,47.08331050672014,0.0002553390513639897,False
vit_b_16,ViT,patio,frost,3,cam,0.4424721523535753,13.913931475612586,0.0003239029028918594,False
vit_b_16,ViT,patio,frost,3,rollout,0.11381166416957994,52.332691632921055,0.0003239029028918594,False
vit_b_16,ViT,patio,frost,4,cam,0.20001594387755103,54.28129366856831,0.00013808631047140807,False
vit_b_16,ViT,patio,frost,4,rollout,0.10950196230169698,54.422051794605245,0.00013808631047140807,False
vit_b_16,ViT,patio,frost,5,cam,0.20480192076830733,11.533091888721135,0.0005095714586786926,False
vit_b_16,ViT,patio,frost,5,rollout,0.1145538341940141,38.357585031350894,0.0005095714586786926,False
vit_b_16,ViT,patio,fog,1,cam,0.5282472970915182,7.899823706310825,0.0031883937772363424,False
vit_b_16,ViT,patio,fog,1,rollout,0.13748158222826704,33.91230053387671,0.0031883937772363424,False
vit_b_16,ViT,patio,fog,2,cam,0.4925639500297442,11.272097198333975,0.0009598425822332501,False
vit_b_16,ViT,patio,fog,2,rollout,0.12015179418494336,33.41828794453279,0.0009598425822332501,False
vit_b_16,ViT,patio,fog,3,cam,0.20001594387755103,71.08596961734875,0.0032765367068350315,False
vit_b_16,ViT,patio,fog,3,rollout,0.2126631222812953,28.163335062787645,0.0032765367068350315,False
vit_b_16,ViT,patio,fog,4,cam,0.4369988545246277,12.919247672411709,0.001549413544125855,False
vit_b_16,ViT,patio,fog,4,rollout,0.15902529160411133,36.398493901831614,0.001549413544125855,False
vit_b_16,ViT,patio,fog,5,cam,0.37075735846479546,13.28218864587167,0.002818642184138298,False
vit_b_16,ViT,patio,fog,5,rollout,0.14259691466955085,32.83219609967378,0.002818642184138298,False
vit_b_16,ViT,patio,brightness,1,cam,0.8082882882882882,2.0856357332663538,0.0020105880685150623,False
vit_b_16,ViT,patio,brightness,1,rollout,0.5320967865048469,13.22174271335801,0.0020105880685150623,False
vit_b_16,ViT,patio,brightness,2,cam,0.5704561458414834,8.328496846659185,0.0016016261652112007,False
vit_b_16,ViT,patio,brightness,2,rollout,0.3203525851861597,25.002342400295667,0.0016016261652112007,False
vit_b_16,ViT,patio,brightness,3,cam,0.5623881061726473,1.3421118491994861,0.0011303898645564914,False
vit_b_16,ViT,patio,brightness,3,rollout,0.24756044502455093,29.208524183628807,0.0011303898645564914,False
vit_b_16,ViT,patio,brightness,4,cam,0.20001594387755103,82.33067522933976,0.0008565852185711265,False
vit_b_16,ViT,patio,brightness,4,rollout,0.22390243902439025,30.966030332639964,0.0008565852185711265,False
vit_b_16,ViT,patio,brightness,5,cam,0.49645865950943113,8.410550758526998,0.0009115819120779634,False
vit_b_16,ViT,patio,brightness,5,rollout,0.20004782972617483,30.11282991284157,0.0009115819120779634,False
vit_b_16,ViT,patio,contrast,1,cam,0.22373955983661525,52.99060852896894,0.0011223360197618604,False
vit_b_16,ViT,patio,contrast,1,rollout,0.3276888477311814,14.2844501011313,0.0011223360197618604,False
vit_b_16,ViT,patio,contrast,2,cam,0.35933902207774615,29.90369097932929,0.0008509004255756736,False
vit_b_16,ViT,patio,contrast,2,rollout,0.266052731171944,16.046947410243583,0.0008509004255756736,False
vit_b_16,ViT,patio,contrast,3,cam,0.6305442729488221,5.695254955725289,0.0010117116617038846,False
vit_b_16,ViT,patio,contrast,3,rollout,0.21163829530363396,17.754855784688818,0.0010117116617038846,False
vit_b_16,ViT,patio,contrast,4,cam,0.5426946429943894,12.087730112626474,0.0003668468852993101,False
vit_b_16,ViT,patio,contrast,4,rollout,0.18544767304512166,19.9656272006071,0.0003668468852993101,False
vit_b_16,ViT,patio,contrast,5,cam,0.185027748258354,30.83415089224369,0.0010233240900561213,False
vit_b_16,ViT,patio,contrast,5,rollout,0.1696969696969697,17.29481490196696,0.0010233240900561213,False
vit_b_16,ViT,patio,elastic_transform,1,cam,0.48813760379596677,13.303474741085711,0.0014289048267528415,False
vit_b_16,ViT,patio,elastic_transform,1,rollout,0.5200302915562287,2.348953703981824,0.0014289048267528415,False
vit_b_16,ViT,patio,elastic_transform,2,cam,0.27944926058133607,29.69767312603254,0.008362876251339912,False
vit_b_16,ViT,patio,elastic_transform,2,rollout,0.5301112974538802,2.4673750240640198,0.008362876251339912,False
vit_b_16,ViT,patio,elastic_transform,3,cam,0.13075319700298574,10.604911350471914,0.003159013343974948,False
vit_b_16,ViT,patio,elastic_transform,3,rollout,0.5247645092676998,1.1871605032786572,0.003159013343974948,False
vit_b_16,ViT,patio,elastic_transform,4,cam,0.34765677454008326,14.279262870485438,0.022686609998345375,False
vit_b_16,ViT,patio,elastic_transform,4,rollout,0.5784837999370871,2.955674582744779,0.022686609998345375,False
vit_b_16,ViT,patio,elastic_transform,5,cam,0.2150856589381924,28.828747602347214,0.0027400320395827293,False
vit_b_16,ViT,patio,elastic_transform,5,rollout,0.48242245199409156,3.6463942005115864,0.0027400320395827293,False
vit_b_16,ViT,patio,pixelate,1,cam,0.5263878326996198,11.89846408850384,0.001393092330545187,False
vit_b_16,ViT,patio,pixelate,1,rollout,0.7494553376906318,2.701008759661929,0.001393092330545187,False
vit_b_16,ViT,patio,pixelate,2,cam,0.41571448723374244,20.343361581417174,0.0009016807889565825,False
vit_b_16,ViT,patio,pixelate,2,rollout,0.6794110265205388,2.5775737842274515,0.0009016807889565825,False
vit_b_16,ViT,patio,pixelate,3,cam,0.33068151683903474,17.884244785163812,0.0002905209257733077,False
vit_b_16,ViT,patio,pixelate,3,rollout,0.5651902682470368,6.094999468429878,0.0002905209257733077,False
vit_b_16,ViT,patio,pixelate,4,cam,0.2780643107290672,47.999632608199484,0.00030102167511358857,False
vit_b_16,ViT,patio,pixelate,4,rollout,0.46907706945765937,8.948190883221313,0.00030102167511358857,False
vit_b_16,ViT,patio,pixelate,5,cam,0.2629757785467128,57.382062478798446,0.00042359347571618855,False
vit_b_16,ViT,patio,pixelate,5,rollout,0.4314648409641991,10.568659209129013,0.00042359347571618855,False
vit_b_16,ViT,patio,jpeg_compression,1,cam,0.31835796387520526,31.909910233975438,0.0003469075309112668,False
vit_b_16,ViT,patio,jpeg_compression,1,rollout,0.6725272893925506,1.6064935412078545,0.0003469075309112668,False
vit_b_16,ViT,patio,jpeg_compression,2,cam,0.24787068697544296,32.95283905667446,0.0002802179369609803,False
vit_b_16,ViT,patio,jpeg_compression,2,rollout,0.6744806874113624,1.4325600137758665,0.0002802179369609803,False
vit_b_16,ViT,patio,jpeg_compression,3,cam,0.4146994574025791,2.7472030620152528,0.00019077285833191127,False
vit_b_16,ViT,patio,jpeg_compression,3,rollout,0.5568137749166214,2.6678505333693283,0.00019077285833191127,False
vit_b_16,ViT,patio,jpeg_compression,4,cam,0.20538073504684123,3.755953933529505,0.00015450797218363732,False
vit_b_16,ViT,patio,jpeg_compression,4,rollout,0.5270804807546021,1.3896655790489232,0.00015450797218363732,False
vit_b_16,ViT,patio,jpeg_compression,5,cam,0.06919512065200022,20.352701871046406,0.0002149942156393081,False
vit_b_16,ViT,patio,jpeg_compression,5,rollout,0.5269684290604792,1.6549760538789398,0.0002149942156393081,False
